YEAR,TRI_FACILI,FRS_ID,FACILITY_N,STREET_ADD,CITY,COUNTY,ST,ZIP,LATITUDE,LONGITUDE,PRIMARY_NA,CHEMICAL,CAS_#/COMP,CLEAR_AIR_,CLASSIFICA,METAL,CARCINOGEN,FORM_TYPE,UNIT_OF_ME,5.1_FUGITI,5.2_STACK_,5.3_WATER,ON-SITE_RE
2016,00937SSLMMLUISM,1.10008E+11,LMM AIRPORT PLANT,LUIS MUNOZ MARIN INT AIRPORT MUNIZ AIR BASE AREA,CAROLINA,CAROLINA,PR,979,18.439444,-66.005836,424710,N-HEXANE,110543,YES,TRI,NO,NO,R,Pounds,5.6,47.1,0,52.7
2016,00692CRBGNSTATE,1.10042E+11,GE INDUSTRIAL OF PR LLC,STATE RD # 2 KM. 30.1,VEGA ALTA,VEGA ALTA,PR,692,18.413411,-66.317971,335314,LEAD,7439921,YES,PBT,YES,YES,R,Pounds,0,0,0,0
2016,00767YBCSNROUTE,1.10001E+11,BUCKEYE CARIBBEAN TERMINALS LLC (FORMER SCYI),RT 901 KM 2.7 CAMINO NUEVO WARD,YABUCOA,YABUCOA,PR,767,18.046899,-65.85116,493110,COPPER COMPOUNDS,N100,NO,TRI,YES,NO,A,Pounds,0,0,0,0
2016,00767YBCSNROUTE,1.10001E+11,BUCKEYE CARIBBEAN TERMINALS LLC (FORMER SCYI),RT 901 KM 2.7 CAMINO NUEVO WARD,YABUCOA,YABUCOA,PR,767,18.046899,-65.85116,493110,CYCLOHEXANE,110827,NO,TRI,NO,NO,A,Pounds,0,0,0,0
2016,00705TRCSNRD14K,1.10008E+11,TO-RICOS LTD,RD 14 KM 48 BO ASOMANTE,AIBONITO,AIBONITO,PR,705,18.130899,-66.27565,311615,PERACETIC ACID,79210,NO,TRI,NO,NO,R,Pounds,0,0,0,18445
2016,00777MGNMNRD31K,1.10021E+11,AMGEN MANUFACTURING  LTD,RD 31 KM 24.6,JUNCOS,JUNCOS,PR,777,18.235793,-65.904429,325414,POLYCYCLIC AROMATIC COMPOUNDS,N590,YES,PBT,NO,YES,R,Pounds,0,208,0,208
2016,00654NQSTNROAD3,1.10001E+11,BAXTER HEALTHCARE SA/BAXTER HEALTHCARE OF PUERTO RICO,RD # 3 KM 144.2,GUAYAMA,GUAYAMA,PR,784,17.9631,-66.1503,325412,CHLORODIFLUOROMETHANE,75456,NO,TRI,NO,NO,R,Pounds,3172,5,0,3177
2016,0097WPRTRC2JSET,1.1001E+11,US DOD USAF PUERTO RICO ANG,200 JOSE (TONY) SANTANA,CAROLINA,SAN JUAN,PR,979,18.43905,-65.99418,928110,NAPHTHALENE,91203,YES,TRI,NO,NO,R,Pounds,5,0,0,5
2016,00701DPNTLHIGHW,1.10001E+11,DU PONT ELECTRONICS MICROCIRCU ITS INDUSTRIES LTD,HWY 686 KM 2.3,MANATI,MANATI,PR,674,18.4501,-66.4739,334413,CHLORSULFURON,64902723,NO,TRI,NO,NO,R,Pounds,0,0,0,0
2016,00701DPNTLHIGHW,1.10001E+11,DU PONT ELECTRONICS MICROCIRCU ITS INDUSTRIES LTD,HWY 686 KM 2.3,MANATI,MANATI,PR,674,18.4501,-66.4739,334413,SILVER COMPOUNDS,N740,NO,TRI,YES,NO,R,Pounds,0,0.78,0,0.78
2016,00659CNTRLRD2KM,1.1E+11,ADM ALLIANCE NUTRITION OF PR LLC,STATE RD NO. 2 KM 83.0 CARRIZALES WARD,HATILLO,HATILLO,PR,659,18.485142,-66.777319,311119,ZINC COMPOUNDS,N982,NO,TRI,YES,NO,R,Pounds,0,0.57,0,0.57
2016,00617PFZRPHIGHW,1.10008E+11,PFIZER PHARMACEUTICALS LLC,HWY #2 KM 58.2,BARCELONETA,BARCELONETA,PR,617,18.432819,-66.571055,325412,PHTHALIC ANHYDRIDE,85449,YES,TRI,NO,NO,R,Pounds,0,0,0,0
2016,00610BXTRHROAD4,1.10042E+11,EDWARDS LIFESCIENCES TECHNOLOGY SARL,STATE RD 402 KM 1.4 N LAS MARIAS IND US TRIAL PARK,ANASCO,ANASCO,PR,610,18.29333,-67.1366,339112,ETHYLENE OXIDE,75218,YES,TRI,NO,YES,R,Pounds,1705.31,591.78,0,2297.09
2016,00656DCRBNBOMAG,1.10009E+11,PREPA-SOUTH COAST POWER PLANT,PR-127 KM 15.7,GUAYANILLA,GUAYANILLA,PR,656,18.0001,-66.7536,221112,"BENZO(G,H,I)PERYLENE",191242,YES,PBT,NO,YES,R,Pounds,0,0.2,0,0.2
2016,00759BRCWDCARR8,1.1E+11,BORICUA WOOD PROCESSING INC,CARR 865 KM 5.5,TOA BAJA,TOA BAJA,PR,949,18.415648,-66.202659,321114,ARSENIC COMPOUNDS,N020,YES,TRI,YES,NO,R,Pounds,0,0,1,1
2016,00701DPNTLHIGHW,1.10001E+11,DU PONT ELECTRONICS MICROCIRCU ITS INDUSTRIES LTD,HWY 686 KM 2.3,MANATI,MANATI,PR,674,18.4501,-66.4739,334413,PYRIDINE,110861,NO,TRI,NO,NO,R,Pounds,0,0,0,0
2016,00701DPNTLHIGHW,1.10001E+11,DU PONT ELECTRONICS MICROCIRCU ITS INDUSTRIES LTD,HWY 686 KM 2.3,MANATI,MANATI,PR,674,18.4501,-66.4739,334413,XYLENE (MIXED ISOMERS),1330207,YES,TRI,NO,NO,R,Pounds,0,0,0,0
2016,00701DPNTGHIGHW,1.10008E+11,DUPONT AGRICULTURAL CARIBE INDUSTRIES LTD,"P.R. RD NO. 686, KM. 2.3",MANATI,MANATI,PR,674,18.451004,-66.470899,325320,ACETONITRILE,75058,YES,TRI,NO,NO,R,Pounds,3953,118,0,4071
2016,00701DPNTGHIGHW,1.10008E+11,DUPONT AGRICULTURAL CARIBE INDUSTRIES LTD,"P.R. RD NO. 686, KM. 2.3",MANATI,MANATI,PR,674,18.451004,-66.470899,325320,NAPHTHALENE,91203,YES,TRI,NO,NO,R,Pounds,194,0.133,0,194.133
2016,00701DPNTPHIGHW,1.10057E+11,BRISTOL-MYERS SQUIBB HOLDINGS PHARMA LTD LIABILITY CO,RD 686 KM 23,MANATI,MANATI,PR,674,18.454336,-66.465897,325412,CHROMIUM COMPOUNDS(EXCEPT CHROMITE ORE MINED IN THE TRANSVAAL REGION),N090,YES,TRI,YES,NO,A,Pounds,0,0,0,0
2016,00659CNTRLRD2KM,1.1E+11,ADM ALLIANCE NUTRITION OF PR LLC,STATE RD NO. 2 KM 83.0 CARRIZALES WARD,HATILLO,HATILLO,PR,659,18.485142,-66.777319,311119,CHROMIUM COMPOUNDS(EXCEPT CHROMITE ORE MINED IN THE TRANSVAAL REGION),N090,YES,TRI,YES,NO,A,Pounds,0,0,0,0
2016,00701DPNTLHIGHW,1.10001E+11,DU PONT ELECTRONICS MICROCIRCU ITS INDUSTRIES LTD,HWY 686 KM 2.3,MANATI,MANATI,PR,674,18.4501,-66.4739,334413,CERTAIN GLYCOL ETHERS,N230,YES,TRI,NO,NO,R,Pounds,0,115,0,115
2016,00701RCHPRSTATE,1.10008E+11,PATHEON PUERTO RICO INC,STATE RD 670 KM 2.7,MANATI,MANATI,PR,674,18.42697,-66.46544,325412,DICHLOROMETHANE,75092,YES,TRI,NO,YES,R,Pounds,750,750,0,1500
2016,00630WDTRT65INF,1.10001E+11,PUERTO RICO WOOD TREATING,AVE 65 DE INFANTERIA KM 7.0,CAROLINA,SAN JUAN,PR,985,18.38385,-66.03672,321114,CHROMIUM COMPOUNDS(EXCEPT CHROMITE ORE MINED IN THE TRANSVAAL REGION),N090,YES,TRI,YES,NO,A,Pounds,0,0,0,0
2016,00936SZDRYAVEDE,1.10002E+11,SUIZA DAIRY CORP,SAN PATRICIO & DE DIEGO AVENUES,RIO PIEDRAS,SAN JUAN,PR,921,18.391944,-66.083885,311511,NITRATE COMPOUNDS,N511,NO,TRI,NO,NO,R,Pounds,0,0,0,0
2016,00731PRLSSFIRMD,1.10007E+11,PEERLESS OIL & CHEMICALS INC,"HWY 127, KM.17.1",PENUELAS,PENUELAS,PR,624,17.9925,-66.746391,424710,CHROMIUM,7440473,YES,TRI,YES,YES,R,Pounds,0,0,0,0
2016,00642CNGRNROUTE,1.10008E+11,CONGAR INTERNATIONAL CORP TOBACCO THRESHING,RT 778,COMERIO,COMERIO,PR,782,18.212691,-66.232559,312230,NICOTINE AND SALTS,N503,NO,TRI,NO,NO,R,Pounds,0,10,0,10
2016,00630WDTRT65INF,1.10001E+11,PUERTO RICO WOOD TREATING,AVE 65 DE INFANTERIA KM 7.0,CAROLINA,SAN JUAN,PR,985,18.38385,-66.03672,321114,ARSENIC COMPOUNDS,N020,YES,TRI,YES,NO,A,Pounds,0,0,0,0
2016,00639CRBBNSTATE,1.10001E+11,CARIBBEAN REFRESCOS INC,RD 172 KM 13.4,CIDRA,CIDRA,PR,739,18.175911,-66.149956,311930,OZONE,10028156,NO,TRI,NO,NO,R,Pounds,0,1,0,1
2016,00731PRLSSFIRMD,1.10007E+11,PEERLESS OIL & CHEMICALS INC,"HWY 127, KM.17.1",PENUELAS,PENUELAS,PR,624,17.9925,-66.746391,424710,BARIUM,7440393,NO,TRI,NO,NO,R,Pounds,0,0,0,0
2016,00617BBVLTRDN2K,1.10055E+11,ABBVIE LTD,RD NO2 KM 58.0 CRUCE DAVILA,BARCELONETA,BARCELONETA,PR,617,18.433642,-66.566856,325412,"BENZO(G,H,I)PERYLENE",191242,YES,PBT,NO,YES,R,Pounds,0,0.0146962,0,0.0146962
2016,00701DPNTLHIGHW,1.10001E+11,DU PONT ELECTRONICS MICROCIRCU ITS INDUSTRIES LTD,HWY 686 KM 2.3,MANATI,MANATI,PR,674,18.4501,-66.4739,334413,LEAD COMPOUNDS,N420,YES,PBT,YES,NO,R,Pounds,0,0.3,0,0.3
2016,00731PRLSSFIRMD,1.10007E+11,PEERLESS OIL & CHEMICALS INC,"HWY 127, KM.17.1",PENUELAS,PENUELAS,PR,624,17.9925,-66.746391,424710,SILVER,7440224,NO,TRI,YES,NO,R,Pounds,0,0,0,0
2016,00630WDTRT65INF,1.10001E+11,PUERTO RICO WOOD TREATING,AVE 65 DE INFANTERIA KM 7.0,CAROLINA,SAN JUAN,PR,985,18.38385,-66.03672,321114,COPPER COMPOUNDS,N100,NO,TRI,YES,NO,A,Pounds,0,0,0,0
2016,0096WPMNRG1922A,1.10039E+11,PUMA ENERGY CARIBE LLC-GUAYNABO 1 TERMINAL,RD 28 KM 0.2,GUAYNABO,GUAYNABO,PR,965,18.391571,-66.117699,424710,BIPHENYL,92524,YES,TRI,NO,NO,R,Pounds,0,0.22,0,0.22
2016,00701DPNTLHIGHW,1.10001E+11,DU PONT ELECTRONICS MICROCIRCU ITS INDUSTRIES LTD,HWY 686 KM 2.3,MANATI,MANATI,PR,674,18.4501,-66.4739,334413,ACETONITRILE,75058,YES,TRI,NO,NO,R,Pounds,0,0,0,0
2016,00701DPNTLHIGHW,1.10001E+11,DU PONT ELECTRONICS MICROCIRCU ITS INDUSTRIES LTD,HWY 686 KM 2.3,MANATI,MANATI,PR,674,18.4501,-66.4739,334413,NAPHTHALENE,91203,YES,TRI,NO,NO,R,Pounds,0,3,0,3
2016,0079WCPRVSRAD58,1.1006E+11,COOPERVISION CARIBBEAN CORP,500 RD PR-584 KM 0.9 AMUELAS IND US TRIAL PARK,JUANA DIAZ,JUANA DIAZ,PR,795,18.015139,-66.533845,339115,METHANOL,67561,YES,TRI,NO,NO,R,Pounds,0,195,0,195
2016,00785SPRTRKM142,1.10012E+11,AES PUERTO RICO LP,"KM 142, RD #3 BO. JOBOS",GUAYAMA,GUAYAMA,PR,785,17.9451,-66.1503,221112,LEAD COMPOUNDS,N420,YES,PBT,YES,NO,R,Pounds,0,32,0,32
2016,00619SLNDLST167,1.10008E+11,ISLAND LITHO CORP,PR-28 CORNER PR-05 LUCHETTI,BAYAMON,BAYAMON,PR,961,18.412467,-66.143242,332812,XYLENE (MIXED ISOMERS),1330207,YES,TRI,NO,NO,R,Pounds,216.54,212.21,0,428.75
2016,0096WPMNRG1922A,1.10039E+11,PUMA ENERGY CARIBE LLC-GUAYNABO 1 TERMINAL,RD 28 KM 0.2,GUAYNABO,GUAYNABO,PR,965,18.391571,-66.117699,424710,CYCLOHEXANE,110827,NO,TRI,NO,NO,R,Pounds,15.53,495.6,0,511.13
2016,00962CHNDLRD869,1.10008E+11,MAYS CHEMICAL CO OF PR DBA MAYS OCHOA,RD 869 ST 2 BO PALMAS,CATANO,CATANO,PR,962,18.425556,-66.155556,424690,NITRIC ACID,7697372,NO,TRI,NO,NO,A,Pounds,0,0,0,0
2016,00920TXCDPRD28P,1.10001E+11,PUMA ENERGY CARIBE LLC-GUAYNABO 2 TERMINAL,RD 28 KM 0.8 PUEBLO VIEJO WARD,GUAYNABO,GUAYNABO,PR,971,18.423218,-66.10706,424710,PHENOL,108952,YES,TRI,NO,NO,R,Pounds,0,28.609,0,28.609
2016,00680MYGZGMALEC,1.10001E+11,MAYAGUEZ GAS TURBINES POWER PL ANT,MALECON AVE,MAYAGUEZ,MAYAGUEZ,PR,680,18.219212,-67.159515,221112,POLYCYCLIC AROMATIC COMPOUNDS,N590,YES,PBT,NO,YES,R,Pounds,0,22.3,0,22.3
2016,00920TXCDPRD28P,1.10001E+11,PUMA ENERGY CARIBE LLC-GUAYNABO 2 TERMINAL,RD 28 KM 0.8 PUEBLO VIEJO WARD,GUAYNABO,GUAYNABO,PR,971,18.423218,-66.10706,424710,NAPHTHALENE,91203,YES,TRI,NO,NO,R,Pounds,0,35.51,0,35.51
2016,00920TXCDPRD28P,1.10001E+11,PUMA ENERGY CARIBE LLC-GUAYNABO 2 TERMINAL,RD 28 KM 0.8 PUEBLO VIEJO WARD,GUAYNABO,GUAYNABO,PR,971,18.423218,-66.10706,424710,XYLENE (MIXED ISOMERS),1330207,YES,TRI,NO,NO,R,Pounds,2.44,458.4,0,460.84
2016,00920TXCDPRD28P,1.10001E+11,PUMA ENERGY CARIBE LLC-GUAYNABO 2 TERMINAL,RD 28 KM 0.8 PUEBLO VIEJO WARD,GUAYNABO,GUAYNABO,PR,971,18.423218,-66.10706,424710,ETHYLBENZENE,100414,YES,TRI,NO,NO,R,Pounds,0.433,144.524,0,144.957
2016,00920PRPSNMERCA,1.10001E+11,PREPA - SAN JUAN STEAM PLANT,MERCADO CENTRAL AVE ZONA PORTUARIA RD PR-28,PUERTO NUEVO,SAN JUAN,PR,920,18.42722,-66.10472,221112,MERCURY COMPOUNDS,N458,YES,PBT,YES,NO,R,Pounds,0,22.2,5.779,27.979
2016,00731PRLSSFIRMD,1.10007E+11,PEERLESS OIL & CHEMICALS INC,"HWY 127, KM.17.1",PENUELAS,PENUELAS,PR,624,17.9925,-66.746391,424710,N-HEXANE,110543,YES,TRI,NO,NO,R,Pounds,33.6,4898,0,4931.6
2016,00731PRLSSFIRMD,1.10007E+11,PEERLESS OIL & CHEMICALS INC,"HWY 127, KM.17.1",PENUELAS,PENUELAS,PR,624,17.9925,-66.746391,424710,SELENIUM,7782492,YES,TRI,YES,NO,R,Pounds,0,0,0,0
2016,00965SSCTBSTATE,1.10009E+11,TOTAL GUAYNABO BULK TERMINAL,STATE RD NO 28 KM 0..8,GUAYNABO,GUAYNABO,PR,965,18.425225,-66.106555,424710,ETHYLBENZENE,100414,YES,TRI,NO,NO,R,Pounds,4.06,51.92,0,55.98
2016,00694HRVYHRD686,1.10001E+11,HUBBELL CARIBE LTD,RD 686 KM 17.3,VEGA BAJA,VEGA BAJA,PR,693,18.48647,-66.405199,335931,CHROMIUM,7440473,YES,TRI,YES,YES,R,Pounds,0,0,0,0
2016,00612THRMKZENOG,1.10001E+11,THERMO KING PUERTO RICO MANUFACTURA INC,517 ZONA IND US TRIAL,ARECIBO,ARECIBO,PR,612,18.45815,-66.746457,333415,PROPYLENE,115071,NO,TRI,NO,NO,A,Pounds,0,0,0,0
2016,00613RSTNDROUTE,1.10007E+11,CUTLER HAMMER ELECTRICAL CO,RD 2 KM 67.6 SANTANA IND US TRIAL PARK,ARECIBO,ARECIBO,PR,612,18.444873,-66.649872,335313,NICKEL COMPOUNDS,N495,YES,TRI,YES,NO,R,Pounds,0,1,0,1
2016,0060WHPNTRCARR1,1.10067E+11,HP INTERNATIONAL TRADING BV (PUERTO RICO BRANCH) LLC,"CARR 110, KM. 5.1",AGUADILLA,AGUADILLA,PR,603,18.45647,-67.13655,325910,CERTAIN GLYCOL ETHERS,N230,YES,TRI,NO,NO,R,Pounds,24,329,0,353
2016,00612THRMKZENOG,1.10001E+11,THERMO KING PUERTO RICO MANUFACTURA INC,517 ZONA IND US TRIAL,ARECIBO,ARECIBO,PR,612,18.45815,-66.746457,333415,ETHYLENE GLYCOL,107211,YES,TRI,NO,NO,A,Pounds,0,0,0,0
2016,00920TXCDPRD28P,1.10001E+11,PUMA ENERGY CARIBE LLC-GUAYNABO 2 TERMINAL,RD 28 KM 0.8 PUEBLO VIEJO WARD,GUAYNABO,GUAYNABO,PR,971,18.423218,-66.10706,424710,PHENANTHRENE,85018,YES,TRI,NO,NO,R,Pounds,0,0,0,0
2016,00617MRCKSSTATE,1.10068E+11,MERIAL BARCELONETA LLC,ROAD #2 KM 56.7,BARCELONETA,BARCELONETA,PR,617,18.425545,-66.547442,325412,ETHYLBENZENE,100414,YES,TRI,NO,NO,R,Pounds,0,0.02,0,0.02
2016,00617MRCKSSTATE,1.10068E+11,MERIAL BARCELONETA LLC,ROAD #2 KM 56.7,BARCELONETA,BARCELONETA,PR,617,18.425545,-66.547442,325412,NAPHTHALENE,91203,YES,TRI,NO,NO,R,Pounds,0,3.96,0,3.96
2016,00632BCRDCSTREE,1.10013E+11,BACARDI CORP,RD # 165 KM 2.6 IND US TRIAL AREA,CATANO,CATANO,PR,962,18.457669,-66.140611,312140,HYDROGEN SULFIDE,7783064,YES,TRI,NO,NO,R,Pounds,0,0,0,0
2016,00754LNCMNURBAP,1.10005E+11,LANCO MANUFACTURING CORP,URB APONTE # 5,SAN LORENZO,SAN LORENZO,PR,754,18.193248,-65.94819,325510,METHANOL,67561,YES,TRI,NO,NO,R,Pounds,19.5,28.9,0,48.4
2016,00767YBCSNROUTE,1.10001E+11,BUCKEYE CARIBBEAN TERMINALS LLC (FORMER SCYI),RT 901 KM 2.7 CAMINO NUEVO WARD,YABUCOA,YABUCOA,PR,767,18.046899,-65.85116,493110,METHANOL,67561,YES,TRI,NO,NO,A,Pounds,0,0,0,0
2016,00701CYNMDPRROA,1.10008E+11,BASF AGRICULTURAL PRODUCTS DE PUERTO RICO,STATE RD PR 2 KM 47.4,MANATI,MANATI,PR,674,18.437222,-66.475388,325320,ETHYLENE GLYCOL,107211,YES,TRI,NO,NO,R,Pounds,0,0.13,0,0.13
2016,00725SCHSCRD175,1.10011E+11,SACHS CHEMICAL INC,RD 175 KM.0.02 RIO CANA IND WARD LOT 18,CAGUAS,CAGUAS,PR,725,18.296341,-66.05461,424690,ETHYLBENZENE,100414,YES,TRI,NO,NO,A,Pounds,0,0,0,0
2016,00754LNCMNURBAP,1.10005E+11,LANCO MANUFACTURING CORP,URB APONTE # 5,SAN LORENZO,SAN LORENZO,PR,754,18.193248,-65.94819,325510,ZINC (FUME OR DUST),7440666,NO,TRI,NO,NO,A,Pounds,0,0,0,0
2016,00754LNCMNURBAP,1.10005E+11,LANCO MANUFACTURING CORP,URB APONTE # 5,SAN LORENZO,SAN LORENZO,PR,754,18.193248,-65.94819,325510,XYLENE (MIXED ISOMERS),1330207,YES,TRI,NO,NO,R,Pounds,1.02,0.49,0,1.51
2016,00725SCHSCRD175,1.10011E+11,SACHS CHEMICAL INC,RD 175 KM.0.02 RIO CANA IND WARD LOT 18,CAGUAS,CAGUAS,PR,725,18.296341,-66.05461,424690,XYLENE (MIXED ISOMERS),1330207,YES,TRI,NO,NO,A,Pounds,0,0,0,0
2016,00725SCHSCRD175,1.10011E+11,SACHS CHEMICAL INC,RD 175 KM.0.02 RIO CANA IND WARD LOT 18,CAGUAS,CAGUAS,PR,725,18.296341,-66.05461,424690,DIETHANOLAMINE,111422,YES,TRI,NO,NO,A,Pounds,0,0,0,0
2016,00771BDLSPPBX27,1.10021E+11,ASPEN SURGICAL PR CORP,PO BOX 2007 RD 183 KM 20.3,LAS PIEDRAS,LAS PIEDRAS,PR,771,18.17806,-65.87361,339113,CHROMIUM COMPOUNDS(EXCEPT CHROMITE ORE MINED IN THE TRANSVAAL REGION),N090,YES,TRI,YES,NO,R,Pounds,0,0,0,1574
2016,00654NQSTNROAD3,1.10001E+11,BAXTER HEALTHCARE SA/BAXTER HEALTHCARE OF PUERTO RICO,RD # 3 KM 144.2,GUAYAMA,GUAYAMA,PR,784,17.9631,-66.1503,325412,ANTIMONY COMPOUNDS,N010,YES,TRI,YES,NO,R,Pounds,5,5,0,10
2016,00937SSLMMLUISM,1.10008E+11,LMM AIRPORT PLANT,LUIS MUNOZ MARIN INT AIRPORT MUNIZ AIR BASE AREA,CAROLINA,CAROLINA,PR,979,18.439444,-66.005836,424710,NAPHTHALENE,91203,YES,TRI,NO,NO,R,Pounds,21.2,181.1,0,202.3
2016,00654NQSTNROAD3,1.10001E+11,BAXTER HEALTHCARE SA/BAXTER HEALTHCARE OF PUERTO RICO,RD # 3 KM 144.2,GUAYAMA,GUAYAMA,PR,784,17.9631,-66.1503,325412,CHLORINE,7782505,YES,TRI,NO,NO,R,Pounds,5,5,0,10
2016,00619CRBBNLUCHE,1.10008E+11,PUMA ENERGY CARIBE LLC,PR 28 KM 2 LUCHETTI IND US TRIAL PARK,BAYAMON,BAYAMON,PR,961,18.418463,-66.137481,424710,ETHYLBENZENE,100414,YES,TRI,NO,NO,R,Pounds,1.021,258.916,0,259.937
2016,00619CRBBNLUCHE,1.10008E+11,PUMA ENERGY CARIBE LLC,PR 28 KM 2 LUCHETTI IND US TRIAL PARK,BAYAMON,BAYAMON,PR,961,18.418463,-66.137481,424710,PHENOL,108952,YES,TRI,NO,NO,R,Pounds,0,0,0,0
2016,00936SNJNCKM267,1.10001E+11,ESSROC SAN JUAN INC,KM 26.7 STATE HWY #2,DORADO,DORADO,PR,646,18.3944,-66.2976,212399,MERCURY COMPOUNDS,N458,YES,PBT,YES,NO,R,Pounds,0,3.61,0,3.61
2016,00771TRCSLSTATE,1.10001E+11,TO-RICOS LTD LAS PIEDRAS FEED MILL,"STATE RD PR-183, KM 22 BO. MONTONES",LAS PIEDRAS,LAS PIEDRAS,PR,771,18.163808,-65.881994,311119,ZINC COMPOUNDS,N982,NO,TRI,YES,NO,A,Pounds,0,0,0,0
2016,00754LNCMNURBAP,1.10005E+11,LANCO MANUFACTURING CORP,URB APONTE # 5,SAN LORENZO,SAN LORENZO,PR,754,18.193248,-65.94819,325510,CERTAIN GLYCOL ETHERS,N230,YES,TRI,NO,NO,R,Pounds,3.7,0.02,0,3.72
2016,00632BCRDCSTREE,1.10013E+11,BACARDI CORP,RD # 165 KM 2.6 IND US TRIAL AREA,CATANO,CATANO,PR,962,18.457669,-66.140611,312140,POLYCYCLIC AROMATIC COMPOUNDS,N590,YES,PBT,NO,YES,R,Pounds,0,0,0,0
2016,00920PRPSNMERCA,1.10001E+11,PREPA - SAN JUAN STEAM PLANT,MERCADO CENTRAL AVE ZONA PORTUARIA RD PR-28,PUERTO NUEVO,SAN JUAN,PR,920,18.42722,-66.10472,221112,NAPHTHALENE,91203,YES,TRI,NO,NO,R,Pounds,0,732,0.136,732.136
2016,00920TXCDPRD28P,1.10001E+11,PUMA ENERGY CARIBE LLC-GUAYNABO 2 TERMINAL,RD 28 KM 0.8 PUEBLO VIEJO WARD,GUAYNABO,GUAYNABO,PR,971,18.423218,-66.10706,424710,"1,2,4-TRIMETHYLBENZENE",95636,NO,TRI,NO,NO,R,Pounds,0,85.4,0,85.4
2016,00680MYGZGMALEC,1.10001E+11,MAYAGUEZ GAS TURBINES POWER PL ANT,MALECON AVE,MAYAGUEZ,MAYAGUEZ,PR,680,18.219212,-67.159515,221112,NAPHTHALENE,91203,YES,TRI,NO,NO,A,Pounds,0,0,0,0
2016,00701DPNTGHIGHW,1.10008E+11,DUPONT AGRICULTURAL CARIBE INDUSTRIES LTD,"P.R. RD NO. 686, KM. 2.3",MANATI,MANATI,PR,674,18.451004,-66.470899,325320,CHLORIMURON ETHYL,90982324,NO,TRI,NO,NO,R,Pounds,3.57,0,0,3.57
2016,00701RCHPRSTATE,1.10008E+11,PATHEON PUERTO RICO INC,STATE RD 670 KM 2.7,MANATI,MANATI,PR,674,18.42697,-66.46544,325412,METHANOL,67561,YES,TRI,NO,NO,R,Pounds,250,815,0,1065
2016,00694HRVYHRD686,1.10001E+11,HUBBELL CARIBE LTD,RD 686 KM 17.3,VEGA BAJA,VEGA BAJA,PR,693,18.48647,-66.405199,335931,COPPER,7440508,NO,TRI,YES,NO,R,Pounds,0,0,0,0
2016,00642CNGRNROUTE,1.10008E+11,CONGAR INTERNATIONAL CORP TOBACCO THRESHING,RT 778,COMERIO,COMERIO,PR,782,18.212691,-66.232559,312230,POLYCYCLIC AROMATIC COMPOUNDS,N590,YES,PBT,NO,YES,R,Pounds,0,0,0,0
2016,00617PRCSNTMASD,1.10025E+11,ADM ALLIANCE NUTRITION OF PUERTO RICO LLC,TOMAS DAVILA ST EDIF 10  PALMAS ALTAS INDUSTRIAL P,BARCELONETA,BARCELONETA,PR,617,18.452756,-66.540381,311119,COPPER COMPOUNDS,N100,NO,TRI,YES,NO,R,Pounds,0,0.05,0,0.05
2016,00617PRCSNTMASD,1.10025E+11,ADM ALLIANCE NUTRITION OF PUERTO RICO LLC,TOMAS DAVILA ST EDIF 10  PALMAS ALTAS INDUSTRIAL P,BARCELONETA,BARCELONETA,PR,617,18.452756,-66.540381,311119,CHROMIUM COMPOUNDS(EXCEPT CHROMITE ORE MINED IN THE TRANSVAAL REGION),N090,YES,TRI,YES,NO,A,Pounds,0,0,0,0
2016,00617PRCSNTMASD,1.10025E+11,ADM ALLIANCE NUTRITION OF PUERTO RICO LLC,TOMAS DAVILA ST EDIF 10  PALMAS ALTAS INDUSTRIAL P,BARCELONETA,BARCELONETA,PR,617,18.452756,-66.540381,311119,ZINC COMPOUNDS,N982,NO,TRI,YES,NO,R,Pounds,0,0.12,0,0.12
2016,00701DPNTGHIGHW,1.10008E+11,DUPONT AGRICULTURAL CARIBE INDUSTRIES LTD,"P.R. RD NO. 686, KM. 2.3",MANATI,MANATI,PR,674,18.451004,-66.470899,325320,CERTAIN GLYCOL ETHERS,N230,YES,TRI,NO,NO,R,Pounds,0,0,0,0
2016,00701DPNTLHIGHW,1.10001E+11,DU PONT ELECTRONICS MICROCIRCU ITS INDUSTRIES LTD,HWY 686 KM 2.3,MANATI,MANATI,PR,674,18.4501,-66.4739,334413,NITRATE COMPOUNDS,N511,NO,TRI,NO,NO,R,Pounds,0,0,0,0
2016,00709CRVCRCALLE,1.1E+11,COMPANIA CERVECERA DE PUERTO RICO INC,BLVD ALFONZO VALDEZ #100,MAYAGUEZ,MAYAGUEZ,PR,680,18.206944,-67.141667,312120,NITRATE COMPOUNDS,N511,NO,TRI,NO,NO,R,Pounds,0,0,0,0
2016,00619HRRSD15CST,1.10008E+11,HARRIS PAINTS CORP,"25 C STREET, MINILLAS INDUSTRIAL PARK, BAYAMON, PR",BAYAMON,BAYAMON,PR,959,18.392783,-66.164396,325510,LEAD COMPOUNDS,N420,YES,PBT,YES,NO,R,Pounds,0,0,0,0
2016,00610CRBGNCARR4,1.10001E+11,CARIBE GE INTERNATIONAL OF PR LLC,STATE RD 402 KM 1.5 INDUSTRIAL ZONE,ANASCO,ANASCO,PR,610,18.292442,-67.140194,335313,LEAD,7439921,YES,PBT,YES,YES,R,Pounds,0,0.2,0,0.2
2016,00731PRLSSFIRMD,1.10007E+11,PEERLESS OIL & CHEMICALS INC,"HWY 127, KM.17.1",PENUELAS,PENUELAS,PR,624,17.9925,-66.746391,424710,TOLUENE,108883,YES,TRI,NO,NO,R,Pounds,1221,3974,0,5195
2016,00759BRCWDCARR8,1.1E+11,BORICUA WOOD PROCESSING INC,CARR 865 KM 5.5,TOA BAJA,TOA BAJA,PR,949,18.415648,-66.202659,321114,CHROMIUM COMPOUNDS(EXCEPT CHROMITE ORE MINED IN THE TRANSVAAL REGION),N090,YES,TRI,YES,NO,A,Pounds,0,0,0,0
2016,00692CRBGNSTATE,1.10042E+11,GE INDUSTRIAL OF PR LLC,STATE RD # 2 KM. 30.1,VEGA ALTA,VEGA ALTA,PR,692,18.413411,-66.317971,335314,COPPER,7440508,NO,TRI,YES,NO,R,Pounds,5,5,5,15
2016,00965PCKGNAMELI,1.10016E+11,WESTROCK-PUERTO RICO INC,AMELIA IND US TRIAL PARK 47 AMELIA ST,GUAYNABO,GUAYNABO,PR,968,18.41943,-66.11104,322211,"BENZO(G,H,I)PERYLENE",191242,YES,PBT,NO,YES,R,Pounds,0,0.000462,0,0.000462
2016,00767YBCSNROUTE,1.10001E+11,BUCKEYE CARIBBEAN TERMINALS LLC (FORMER SCYI),RT 901 KM 2.7 CAMINO NUEVO WARD,YABUCOA,YABUCOA,PR,767,18.046899,-65.85116,493110,NAPHTHALENE,91203,YES,TRI,NO,NO,R,Pounds,11.72,7.2,0,18.92
2016,00608DCRBNRD3KM,1.10002E+11,IDI CARIBE INC,PR3 KM 151.8 AGUIRRE,SALINAS,SALINAS,PR,751,18.01,-66.25,325991,STYRENE,100425,YES,TRI,NO,YES,R,Pounds,764,14004,0,14768
2016,00642CNGRNROUTE,1.10008E+11,CONGAR INTERNATIONAL CORP TOBACCO THRESHING,RT 778,COMERIO,COMERIO,PR,782,18.212691,-66.232559,312230,"BENZO(G,H,I)PERYLENE",191242,YES,PBT,NO,YES,R,Pounds,0,0,0,0
2016,00701DPNTGHIGHW,1.10008E+11,DUPONT AGRICULTURAL CARIBE INDUSTRIES LTD,"P.R. RD NO. 686, KM. 2.3",MANATI,MANATI,PR,674,18.451004,-66.470899,325320,ETHYLBENZENE,100414,YES,TRI,NO,NO,R,Pounds,847,52,0,899
2016,00701DPNTGHIGHW,1.10008E+11,DUPONT AGRICULTURAL CARIBE INDUSTRIES LTD,"P.R. RD NO. 686, KM. 2.3",MANATI,MANATI,PR,674,18.451004,-66.470899,325320,FORMALDEHYDE,50000,YES,TRI,NO,YES,R,Pounds,4.44,16.4,0,20.84
2016,00785CHMSRRD3KM,1.10008E+11,TAPI PUERTO RICO INC,RD #3 KM. 143.0 JOBOS WARD,GUAYAMA,GUAYAMA,PR,784,17.948504,-66.154155,325412,METHANOL,67561,YES,TRI,NO,NO,R,Pounds,9,336,0,345
2016,00625THCLRCARR7,1.10012E+11,CLOROX MANUFACTURING CO OF PUERTO R ICO INC,RD 1 KM 27.1 RAMAL 798 BO. RIO CANAS,CAGUAS,CAGUAS,PR,725,18.297671,-66.060938,325612,CHLORINE,7782505,YES,TRI,NO,NO,R,Pounds,0,3.1,0,3.1
2016,00617PRCSNTMASD,1.10025E+11,ADM ALLIANCE NUTRITION OF PUERTO RICO LLC,TOMAS DAVILA ST EDIF 10  PALMAS ALTAS INDUSTRIAL P,BARCELONETA,BARCELONETA,PR,617,18.452756,-66.540381,311119,SELENIUM,7782492,YES,TRI,YES,NO,A,Pounds,0,0,0,0
2016,00701DPNTLHIGHW,1.10001E+11,DU PONT ELECTRONICS MICROCIRCU ITS INDUSTRIES LTD,HWY 686 KM 2.3,MANATI,MANATI,PR,674,18.4501,-66.4739,334413,ETHYLBENZENE,100414,YES,TRI,NO,NO,R,Pounds,0,8,0,8
2016,0097WPRTRC2JSET,1.1001E+11,US DOD USAF PUERTO RICO ANG,200 JOSE (TONY) SANTANA,CAROLINA,SAN JUAN,PR,979,18.43905,-65.99418,928110,POLYCYCLIC AROMATIC COMPOUNDS,N590,YES,PBT,NO,YES,R,Pounds,0.1,0,0,0.1
2016,00659CNTRLRD2KM,1.1E+11,ADM ALLIANCE NUTRITION OF PR LLC,STATE RD NO. 2 KM 83.0 CARRIZALES WARD,HATILLO,HATILLO,PR,659,18.485142,-66.777319,311119,SELENIUM COMPOUNDS,N725,YES,TRI,YES,NO,A,Pounds,0,0,0,0
2016,00715DSTLR331AH,1.1E+11,DESTILERIA SERRALLES INC,AHONORAY ST # 331 MERCEDITA,MERCEDITA,PONCE,PR,715,18.020833,-66.5625,312140,HYDROGEN SULFIDE,7783064,YES,TRI,NO,NO,R,Pounds,0,62779.22,0,62779.22
2016,0073WCSTMDCALLE,1.1007E+11,CUSTOMED,CALLE IGUALDAD # 7,FAJARDO,FAJARDO,PR,738,18.33224,-65.66452,339113,ETHYLENE OXIDE,75218,YES,TRI,NO,YES,A,Pounds,0,0,0,0
2016,00759BRCWDCARR8,1.1E+11,BORICUA WOOD PROCESSING INC,CARR 865 KM 5.5,TOA BAJA,TOA BAJA,PR,949,18.415648,-66.202659,321114,COPPER COMPOUNDS,N100,NO,TRI,YES,NO,R,Pounds,0,0,2.5,2.5
2016,00731PRLSSFIRMD,1.10007E+11,PEERLESS OIL & CHEMICALS INC,"HWY 127, KM.17.1",PENUELAS,PENUELAS,PR,624,17.9925,-66.746391,424710,XYLENE (MIXED ISOMERS),1330207,YES,TRI,NO,NO,R,Pounds,10.4,1530.8,0,1541.2
2016,00753CRBGPELRET,1.10008E+11,GE INDUSTRIAL OF PUERTO RICO LLC,EL RETIRO INDUSTRIAL PARK CALLE B,SAN GERMAN,SAN GERMAN,PR,683,18.075983,-67.026226,335313,STYRENE,100425,YES,TRI,NO,YES,R,Pounds,11036,0,0,11036
2016,00624CLCTRRD337,1.10008E+11,ECOELECTRICA LP,RD 337 KM 3.7 FIRM DELIVERY,PENUELAS,PENUELAS,PR,624,17.979,-66.7556,221112,AMMONIA,7664417,NO,TRI,NO,NO,R,Pounds,0,66035,0,66035
2016,00918NDLCX198CH,1.10037E+11,INDULAC,198 CHARDON AVE,HATO REY,SAN JUAN,PR,918,18.424245,-66.064653,311511,NITRIC ACID,7697372,NO,TRI,NO,NO,R,Pounds,0,0,0,0
2016,00754LNCMNURBAP,1.10005E+11,LANCO MANUFACTURING CORP,URB APONTE # 5,SAN LORENZO,SAN LORENZO,PR,754,18.193248,-65.94819,325510,DIBUTYL PHTHALATE,84742,YES,TRI,NO,NO,R,Pounds,13.5,0.001,0,13.501
2016,00792LTRNSCARR9,1.10008E+11,LUTRON SM INC,"CARR #2, SECTOR BO MARIANA 2",HUMACAO,HUMACAO,PR,792,18.145,-65.769997,335931,LEAD COMPOUNDS,N420,YES,PBT,YES,NO,R,Pounds,0.35,1.6,0,1.95
2016,00628LLLLY65THI,1.10008E+11,LILLY DEL CARIBE INC CAROLIN A,430 CALLE FABRIL,CAROLINA,CAROLINA,PR,987,18.381358,-65.942127,325412,ACETONITRILE,75058,YES,TRI,NO,NO,R,Pounds,7334,2272,0,9606
2016,0096WMLNSDCALLE,1.1001E+11,MOLINOS DE PUERTO RICO,CARRETERA 165 (INTERIOR) KM 1.1 SABANA INDUSTRIAL,GUAYNABO,GUAYNABO,PR,966,18.435556,-66.112222,424510,CHLORINE,7782505,YES,TRI,NO,NO,R,Pounds,0,0,0,0
2016,00628LLLLY65THI,1.10008E+11,LILLY DEL CARIBE INC CAROLIN A,430 CALLE FABRIL,CAROLINA,CAROLINA,PR,987,18.381358,-65.942127,325412,METHANOL,67561,YES,TRI,NO,NO,R,Pounds,2646,1626,0,4272
2016,00701DPNTPHIGHW,1.10057E+11,BRISTOL-MYERS SQUIBB HOLDINGS PHARMA LTD LIABILITY CO,RD 686 KM 23,MANATI,MANATI,PR,674,18.454336,-66.465897,325412,NICKEL COMPOUNDS,N495,YES,TRI,YES,NO,A,Pounds,0,0,0,0
2016,00725SCHSCRD175,1.10011E+11,SACHS CHEMICAL INC,RD 175 KM.0.02 RIO CANA IND WARD LOT 18,CAGUAS,CAGUAS,PR,725,18.296341,-66.05461,424690,METHYL ISOBUTYL KETONE,108101,YES,TRI,NO,NO,A,Pounds,0,0,0,0
2016,00937SSLMMLUISM,1.10008E+11,LMM AIRPORT PLANT,LUIS MUNOZ MARIN INT AIRPORT MUNIZ AIR BASE AREA,CAROLINA,CAROLINA,PR,979,18.439444,-66.005836,424710,TOLUENE,108883,YES,TRI,NO,NO,R,Pounds,44.6,357.8,0,402.4
2016,00767YBCSNROUTE,1.10001E+11,BUCKEYE CARIBBEAN TERMINALS LLC (FORMER SCYI),RT 901 KM 2.7 CAMINO NUEVO WARD,YABUCOA,YABUCOA,PR,767,18.046899,-65.85116,493110,ZINC COMPOUNDS,N982,NO,TRI,YES,NO,A,Pounds,0,0,0,0
2016,00705TRCSNRD14K,1.10008E+11,TO-RICOS LTD,RD 14 KM 48 BO ASOMANTE,AIBONITO,AIBONITO,PR,705,18.130899,-66.27565,311615,NITRATE COMPOUNDS,N511,NO,TRI,NO,NO,R,Pounds,0,0,0,0
2016,00613CRBGPZENOG,1.10001E+11,GE INDUSTRIAL OF PUERTO RICO LLC ARECIBO PLANT,RT. 129 KM. 41.0 ZENO GANDIA INDUSTRIAL PARK,ARECIBO,ARECIBO,PR,612,18.462669,-66.749238,332813,ZINC COMPOUNDS,N982,NO,TRI,YES,NO,R,Pounds,0,34,0,34
2016,00612THRMKZENOG,1.10001E+11,THERMO KING PUERTO RICO MANUFACTURA INC,517 ZONA IND US TRIAL,ARECIBO,ARECIBO,PR,612,18.45815,-66.746457,333415,COPPER,7440508,NO,TRI,YES,NO,R,Pounds,0,0,0,0
2016,0096WPMNRG1922A,1.10039E+11,PUMA ENERGY CARIBE LLC-GUAYNABO 1 TERMINAL,RD 28 KM 0.2,GUAYNABO,GUAYNABO,PR,965,18.391571,-66.117699,424710,NAPHTHALENE,91203,YES,TRI,NO,NO,R,Pounds,5.93,13.6,0,19.53
2016,00751PRPGRPRO3K,1.1E+11,PREPA - AGUIRRE POWER GENERATI ON COMPLEX,PR-03 KM 152.7 BO. MONTESORRIA AGUIRRE,AGUIRRE,SALINAS,PR,704,17.9493,-66.2317,221112,LEAD COMPOUNDS,N420,YES,PBT,YES,NO,R,Pounds,0,261.58,4.91,266.49
2016,00694HRVYHRD686,1.10001E+11,HUBBELL CARIBE LTD,RD 686 KM 17.3,VEGA BAJA,VEGA BAJA,PR,693,18.48647,-66.405199,335931,NICKEL,7440020,YES,TRI,YES,YES,R,Pounds,0,0,0,0
2016,00920TXCDPRD28P,1.10001E+11,PUMA ENERGY CARIBE LLC-GUAYNABO 2 TERMINAL,RD 28 KM 0.8 PUEBLO VIEJO WARD,GUAYNABO,GUAYNABO,PR,971,18.423218,-66.10706,424710,BIPHENYL,92524,YES,TRI,NO,NO,R,Pounds,0,0.52,0,0.52
2016,00617BBVLTRDN2K,1.10055E+11,ABBVIE LTD,RD NO2 KM 58.0 CRUCE DAVILA,BARCELONETA,BARCELONETA,PR,617,18.433642,-66.566856,325412,NAPHTHALENE,91203,YES,TRI,NO,NO,R,Pounds,0,210.32,0,210.32
2016,00785SPRTRKM142,1.10012E+11,AES PUERTO RICO LP,"KM 142, RD #3 BO. JOBOS",GUAYAMA,GUAYAMA,PR,785,17.9451,-66.1503,221112,DIOXIN AND DIOXIN-LIKE COMPOUNDS,N150,YES,Dioxin,NO,NO,R,Grams,0,0.0058341,0,2.6487
2016,00617PFZRPHIGHW,1.10008E+11,PFIZER PHARMACEUTICALS LLC,HWY #2 KM 58.2,BARCELONETA,BARCELONETA,PR,617,18.432819,-66.571055,325412,DICHLOROMETHANE,75092,YES,TRI,NO,YES,R,Pounds,256,8072,0,8328
2016,0065WMSTRPPR127,1.10069E+11,MASTER PAINTS & CHEMICALS CORP,PR-127 KM. 12.7,GUAYANILLA,GUAYANILLA,PR,656,18.01382,-66.774597,325510,XYLENE (MIXED ISOMERS),1330207,YES,TRI,NO,NO,A,Pounds,0,0,0,0
2016,00659CNTRLRD2KM,1.1E+11,ADM ALLIANCE NUTRITION OF PR LLC,STATE RD NO. 2 KM 83.0 CARRIZALES WARD,HATILLO,HATILLO,PR,659,18.485142,-66.777319,311119,COPPER COMPOUNDS,N100,NO,TRI,YES,NO,A,Pounds,0,0,0,0
2016,00785CHMSRRD3KM,1.10008E+11,TAPI PUERTO RICO INC,RD #3 KM. 143.0 JOBOS WARD,GUAYAMA,GUAYAMA,PR,784,17.948504,-66.154155,325412,ACETONITRILE,75058,YES,TRI,NO,NO,R,Pounds,69,2490,0,2559
2016,00738PLLPRRD19A,1.1E+11,PALL LIFE SCIENCES PUERTO RICO LLC,RD. 194 KM 0.4 PALL BLVD # 100,FAJARDO,FAJARDO,PR,738,18.303545,-65.648755,339999,TERT-BUTYL ALCOHOL,75650,NO,TRI,NO,NO,R,Pounds,0,910,0,910
2016,00640WSTNGROADN,1.10001E+11,CUTLER HAMMER ELECTRICAL CO,RD 14 KM. 32,COAMO,COAMO,PR,769,18.06955,-66.362308,335314,COPPER,7440508,NO,TRI,YES,NO,R,Pounds,962,0,0,962
2016,00751PRPGRPRO3K,1.1E+11,PREPA - AGUIRRE POWER GENERATI ON COMPLEX,PR-03 KM 152.7 BO. MONTESORRIA AGUIRRE,AGUIRRE,SALINAS,PR,704,17.9493,-66.2317,221112,NAPHTHALENE,91203,YES,TRI,NO,NO,R,Pounds,0,435,0.29,435.29
2016,00768SRTRSROAD1,1.1E+11,SARTORIUS STEDIM FILTERS INC,PR # 128 INT. PR 376,YAUCO,YAUCO,PR,698,18.037705,-66.858409,333999,DICHLOROMETHANE,75092,YES,TRI,NO,YES,R,Pounds,239120,14872,0,253992
2016,00920PRPSNMERCA,1.10001E+11,PREPA - SAN JUAN STEAM PLANT,MERCADO CENTRAL AVE ZONA PORTUARIA RD PR-28,PUERTO NUEVO,SAN JUAN,PR,920,18.42722,-66.10472,221112,COPPER COMPOUNDS,N100,NO,TRI,YES,NO,R,Pounds,0,23216,2.428,23218.428
2016,00771CTLRH50JES,1.10008E+11,CUTLER HAMMER ELECTRICAL CO,CARRETERA 183 KM 20.3,LAS PIEDRAS,LAS PIEDRAS,PR,771,18.176389,-65.873889,335313,CHROMIUM,7440473,YES,TRI,YES,YES,R,Pounds,0,0,0,0
2016,00619CRBBNLUCHE,1.10008E+11,PUMA ENERGY CARIBE LLC,PR 28 KM 2 LUCHETTI IND US TRIAL PARK,BAYAMON,BAYAMON,PR,961,18.418463,-66.137481,424710,TOLUENE,108883,YES,TRI,NO,NO,R,Pounds,14,1911.211,0,1925.211
2016,0096WPMNRG1922A,1.10039E+11,PUMA ENERGY CARIBE LLC-GUAYNABO 1 TERMINAL,RD 28 KM 0.2,GUAYNABO,GUAYNABO,PR,965,18.391571,-66.117699,424710,PHENOL,108952,YES,TRI,NO,NO,R,Pounds,0,1,0,1
2016,00661CRBGNSTROA,1.10008E+11,GE INDUSTRIAL OF PR LLC,STATE RD 3 KM 82.0,HUMACAO,HUMACAO,PR,791,18.149008,-65.822134,335313,AMMONIA,7664417,NO,TRI,NO,NO,R,Pounds,0,24,0,24
2016,0096WPMNRG1922A,1.10039E+11,PUMA ENERGY CARIBE LLC-GUAYNABO 1 TERMINAL,RD 28 KM 0.2,GUAYNABO,GUAYNABO,PR,965,18.391571,-66.117699,424710,BENZENE,71432,YES,TRI,NO,YES,R,Pounds,2.542,108.24,0,110.782
2016,00754LNCMNURBAP,1.10005E+11,LANCO MANUFACTURING CORP,URB APONTE # 5,SAN LORENZO,SAN LORENZO,PR,754,18.193248,-65.94819,325510,ZINC COMPOUNDS,N982,NO,TRI,YES,NO,A,Pounds,0,0,0,0
2016,00701DPNTLHIGHW,1.10001E+11,DU PONT ELECTRONICS MICROCIRCU ITS INDUSTRIES LTD,HWY 686 KM 2.3,MANATI,MANATI,PR,674,18.4501,-66.4739,334413,CHLORIMURON ETHYL,90982324,NO,TRI,NO,NO,R,Pounds,0,0,0,0
2016,00629CHLLNRD874,1.10023E+11,EATON CORP,RD 874 KM 1.1 TORRECILLA ALTA,CANOVANAS,CANOVANAS,PR,729,18.384341,-65.920051,335313,COPPER,7440508,NO,TRI,YES,NO,R,Pounds,0,0,0,0
2016,00628LLLLY65THI,1.10008E+11,LILLY DEL CARIBE INC CAROLIN A,430 CALLE FABRIL,CAROLINA,CAROLINA,PR,987,18.381358,-65.942127,325412,AMMONIA,7664417,NO,TRI,NO,NO,R,Pounds,5,5,0,10
2016,00603HWLTTSTATE,1.10063E+11,HEWLETT-PACKARD CARIBE BV SITE,HWY 110 N KM 5.1,AGUADILLA,AGUADILLA,PR,603,18.485589,-67.109845,334111,LEAD,7439921,YES,PBT,YES,YES,R,Pounds,0,0.2,0,0.2
2016,00771BDLSPPBX27,1.10021E+11,ASPEN SURGICAL PR CORP,PO BOX 2007 RD 183 KM 20.3,LAS PIEDRAS,LAS PIEDRAS,PR,771,18.17806,-65.87361,339113,AMMONIA,7664417,NO,TRI,NO,NO,R,Pounds,0,0,0,0
2016,00979GDNVTSUNOI,1.10023E+11,PUMA ENERGY CARIBE LLC FUEL DEPOT,"AIRPORT FUEL FACILITY BASE MUNIZ, LMMI AIRPORT",CAROLINA,CAROLINA,PR,979,18.440278,-65.998333,424710,NAPHTHALENE,91203,YES,TRI,NO,NO,R,Pounds,17,13,0,30
2016,0065WMSTRPPR127,1.10069E+11,MASTER PAINTS & CHEMICALS CORP,PR-127 KM. 12.7,GUAYANILLA,GUAYANILLA,PR,656,18.01382,-66.774597,325510,ETHYLENE GLYCOL,107211,YES,TRI,NO,NO,A,Pounds,0,0,0,0
2016,00753CRBGPELRET,1.10008E+11,GE INDUSTRIAL OF PUERTO RICO LLC,EL RETIRO INDUSTRIAL PARK CALLE B,SAN GERMAN,SAN GERMAN,PR,683,18.075983,-67.026226,335313,COPPER,7440508,NO,TRI,YES,NO,R,Pounds,0.098,0,0,0.098
2016,0065WMSTRPPR127,1.10069E+11,MASTER PAINTS & CHEMICALS CORP,PR-127 KM. 12.7,GUAYANILLA,GUAYANILLA,PR,656,18.01382,-66.774597,325510,PHTHALIC ANHYDRIDE,85449,YES,TRI,NO,NO,A,Pounds,0,0,0,0
2016,00751PRPGRPRO3K,1.1E+11,PREPA - AGUIRRE POWER GENERATI ON COMPLEX,PR-03 KM 152.7 BO. MONTESORRIA AGUIRRE,AGUIRRE,SALINAS,PR,704,17.9493,-66.2317,221112,MERCURY COMPOUNDS,N458,YES,PBT,YES,NO,R,Pounds,0,12.5,0.5333,13.0333
2016,0096WPMNRG1922A,1.10039E+11,PUMA ENERGY CARIBE LLC-GUAYNABO 1 TERMINAL,RD 28 KM 0.2,GUAYNABO,GUAYNABO,PR,965,18.391571,-66.117699,424710,ETHYLBENZENE,100414,YES,TRI,NO,NO,R,Pounds,4.66,62.54,0,67.2
2016,00619SLNDLST167,1.10008E+11,ISLAND LITHO CORP,PR-28 CORNER PR-05 LUCHETTI,BAYAMON,BAYAMON,PR,961,18.412467,-66.143242,332812,N-BUTYL ALCOHOL,71363,NO,TRI,NO,NO,R,Pounds,643.07,630.21,0,1273.28
2016,00751STRTCRD701,1.10001E+11,STERI-TECH INC,RD 701 KM. 0.7 SALINAS INDUSTRIAL PARK,SALINAS,SALINAS,PR,751,17.97139,-66.300278,339112,ETHYLENE OXIDE,75218,YES,TRI,NO,YES,R,Pounds,0,0,0,0
2016,00715ZMMRCTURPE,1.10008E+11,ZIMMER MANUFACTURING BV,RD 1 KM 123.4 TURPEAUX INDUSTRIAL PARK,MERCEDITA,PONCE,PR,715,18.01,-66.57389,339113,CHROMIUM,7440473,YES,TRI,YES,YES,R,Pounds,0,0,0,0
2016,00771CTLRH50JES,1.10008E+11,CUTLER HAMMER ELECTRICAL CO,CARRETERA 183 KM 20.3,LAS PIEDRAS,LAS PIEDRAS,PR,771,18.176389,-65.873889,335313,COPPER,7440508,NO,TRI,YES,NO,R,Pounds,0,0,0,0
2016,00683BXTRHRD122,1.10008E+11,FENWAL INTERNATIONAL INC,RD 122 KM 0.5,SAN GERMAN,SAN GERMAN,PR,683,18.08467,-67.031622,339112,DICHLOROMETHANE,75092,YES,TRI,NO,YES,R,Pounds,0,6276,0,6276
2016,00791PRPYBPR03K,1.10007E+11,PREPA-YABUCOA GAS TURBINES POW ER PLANT,PR-03 KM 86.5,HUMACAO,HUMACAO,PR,791,18.106453,-65.824499,221112,POLYCYCLIC AROMATIC COMPOUNDS,N590,YES,PBT,NO,YES,R,Pounds,0,10.2,0,10.2
2016,0096WPMNRG1922A,1.10039E+11,PUMA ENERGY CARIBE LLC-GUAYNABO 1 TERMINAL,RD 28 KM 0.2,GUAYNABO,GUAYNABO,PR,965,18.391571,-66.117699,424710,TOLUENE,108883,YES,TRI,NO,NO,R,Pounds,32,1043,0,1075
2016,0096WPMNRG1922A,1.10039E+11,PUMA ENERGY CARIBE LLC-GUAYNABO 1 TERMINAL,RD 28 KM 0.2,GUAYNABO,GUAYNABO,PR,965,18.391571,-66.117699,424710,N-HEXANE,110543,YES,TRI,NO,NO,R,Pounds,0.6,166.77,0,167.37
2016,00701DPNTGHIGHW,1.10008E+11,DUPONT AGRICULTURAL CARIBE INDUSTRIES LTD,"P.R. RD NO. 686, KM. 2.3",MANATI,MANATI,PR,674,18.451004,-66.470899,325320,NITRATE COMPOUNDS,N511,NO,TRI,NO,NO,R,Pounds,0,0,0,1145
2016,00659CNTRLRD2KM,1.1E+11,ADM ALLIANCE NUTRITION OF PR LLC,STATE RD NO. 2 KM 83.0 CARRIZALES WARD,HATILLO,HATILLO,PR,659,18.485142,-66.777319,311119,CHROMIUM,7440473,YES,TRI,YES,YES,A,Pounds,0,0,0,0
2016,00661CRBGNSTROA,1.10008E+11,GE INDUSTRIAL OF PR LLC,STATE RD 3 KM 82.0,HUMACAO,HUMACAO,PR,791,18.149008,-65.822134,335313,SILVER,7440224,NO,TRI,YES,NO,R,Pounds,368,0,0,368
2016,00785SPRTRKM142,1.10012E+11,AES PUERTO RICO LP,"KM 142, RD #3 BO. JOBOS",GUAYAMA,GUAYAMA,PR,785,17.9451,-66.1503,221112,MANGANESE COMPOUNDS,N450,YES,TRI,YES,NO,R,Pounds,0,121,0,121
2016,00612THRMKZENOG,1.10001E+11,THERMO KING PUERTO RICO MANUFACTURA INC,517 ZONA IND US TRIAL,ARECIBO,ARECIBO,PR,612,18.45815,-66.746457,333415,MANGANESE,7439965,YES,TRI,YES,NO,R,Pounds,0,41.29,0,41.29
2016,00701CYNMDPRROA,1.10008E+11,BASF AGRICULTURAL PRODUCTS DE PUERTO RICO,STATE RD PR 2 KM 47.4,MANATI,MANATI,PR,674,18.437222,-66.475388,325320,DIMETHYLAMINE,124403,NO,TRI,NO,NO,R,Pounds,0,31,0,31
2016,00613CRBGPZENOG,1.10001E+11,GE INDUSTRIAL OF PUERTO RICO LLC ARECIBO PLANT,RT. 129 KM. 41.0 ZENO GANDIA INDUSTRIAL PARK,ARECIBO,ARECIBO,PR,612,18.462669,-66.749238,332813,COPPER,7440508,NO,TRI,YES,NO,R,Pounds,0,11905,0,11905
2016,00785SPRTRKM142,1.10012E+11,AES PUERTO RICO LP,"KM 142, RD #3 BO. JOBOS",GUAYAMA,GUAYAMA,PR,785,17.9451,-66.1503,221112,NICKEL COMPOUNDS,N495,YES,TRI,YES,NO,R,Pounds,0,119,0,119
2016,00754LNCMNURBAP,1.10005E+11,LANCO MANUFACTURING CORP,URB APONTE # 5,SAN LORENZO,SAN LORENZO,PR,754,18.193248,-65.94819,325510,CYCLOHEXANE,110827,NO,TRI,NO,NO,R,Pounds,5.32,10.08,0,15.4
2016,00725SCHSCRD175,1.10011E+11,SACHS CHEMICAL INC,RD 175 KM.0.02 RIO CANA IND WARD LOT 18,CAGUAS,CAGUAS,PR,725,18.296341,-66.05461,424690,ETHYLENE GLYCOL,107211,YES,TRI,NO,NO,A,Pounds,0,0,0,0
2016,00767YBCSNROUTE,1.10001E+11,BUCKEYE CARIBBEAN TERMINALS LLC (FORMER SCYI),RT 901 KM 2.7 CAMINO NUEVO WARD,YABUCOA,YABUCOA,PR,767,18.046899,-65.85116,493110,N-HEXANE,110543,YES,TRI,NO,NO,R,Pounds,571,5040,0,5611
2016,00920PRPSNMERCA,1.10001E+11,PREPA - SAN JUAN STEAM PLANT,MERCADO CENTRAL AVE ZONA PORTUARIA RD PR-28,PUERTO NUEVO,SAN JUAN,PR,920,18.42722,-66.10472,221112,POLYCYCLIC AROMATIC COMPOUNDS,N590,YES,PBT,NO,YES,R,Pounds,0,710.6,0.281,710.881
2016,00694HRVYHRD686,1.10001E+11,HUBBELL CARIBE LTD,RD 686 KM 17.3,VEGA BAJA,VEGA BAJA,PR,693,18.48647,-66.405199,335931,MANGANESE,7439965,YES,TRI,YES,NO,R,Pounds,0,0,0,0
2016,00926WTRTRPOBOX,1.10001E+11,WATER TREATMENT SPECIALIST INC,"PR RD 869, KM 2.0 BO PALMAS INDUSTRIAL PARK",CATANO,CATANO,PR,962,18.433861,-66.149611,325998,AMMONIA,7664417,NO,TRI,NO,NO,R,Pounds,0,0.340524,0,0.340524
2016,00706BXTRFCARR3,1.10013E+11,FENWAL INTERNATIONAL INC,RD 357 KM 0.8,MARICAO,MARICAO,PR,606,18.18642,-66.985694,325412,DI(2-ETHYLHEXYL) PHTHALATE,117817,YES,TRI,NO,YES,R,Pounds,0,3.68,0,3.68
2016,00965SSCTBSTATE,1.10009E+11,TOTAL GUAYNABO BULK TERMINAL,STATE RD NO 28 KM 0..8,GUAYNABO,GUAYNABO,PR,965,18.425225,-66.106555,424710,CYCLOHEXANE,110827,NO,TRI,NO,NO,R,Pounds,3.7,47.29,0,50.99
2016,00785SPRTRKM142,1.10012E+11,AES PUERTO RICO LP,"KM 142, RD #3 BO. JOBOS",GUAYAMA,GUAYAMA,PR,785,17.9451,-66.1503,221112,MERCURY COMPOUNDS,N458,YES,PBT,YES,NO,R,Pounds,0,30,0,30
2016,00718CMBPRELDUQ,1.10023E+11,COMBE PRODUCTS INC,EL DUQUE INDUSTRIAL PARK RD 971 ST A,NAGUABO,NAGUABO,PR,718,18.210845,-65.726706,325620,CERTAIN GLYCOL ETHERS,N230,YES,TRI,NO,NO,R,Pounds,0,0,0,0
2016,00757SNDSTRD537,1.10042E+11,HAMILTON SUNDSTRAND DE PUERTO RICO INC,RD 538 KM 0.7 FELICIA INDUSTRIAL PARK,SANTA ISABEL,SANTA ISABEL,PR,757,17.960035,-66.405047,336413,DIISOCYANATES,N120,YES,TRI,NO,NO,R,Pounds,0,0,0,0
2016,0073WCNGRNANTNI,1.1006E+11,CONGAR INTERNATIONAL CORP,ANTONIO R BARCELO AVE (PR-14) KM 72.2,CAYEY,CAYEY,PR,736,18.122897,-66.140035,312230,NICOTINE AND SALTS,N503,NO,TRI,NO,NO,R,Pounds,5,0,0,5
2016,00619HRRSD15CST,1.10008E+11,HARRIS PAINTS CORP,"25 C STREET, MINILLAS INDUSTRIAL PARK, BAYAMON, PR",BAYAMON,BAYAMON,PR,959,18.392783,-66.164396,325510,N-HEXANE,110543,YES,TRI,NO,NO,R,Pounds,966,678,0,1644
2016,00617PRCSNTMASD,1.10025E+11,ADM ALLIANCE NUTRITION OF PUERTO RICO LLC,TOMAS DAVILA ST EDIF 10  PALMAS ALTAS INDUSTRIAL P,BARCELONETA,BARCELONETA,PR,617,18.452756,-66.540381,311119,CHROMIUM,7440473,YES,TRI,YES,YES,A,Pounds,0,0,0,0
2016,00791PRPYBPR03K,1.10007E+11,PREPA-YABUCOA GAS TURBINES POW ER PLANT,PR-03 KM 86.5,HUMACAO,HUMACAO,PR,791,18.106453,-65.824499,221112,NAPHTHALENE,91203,YES,TRI,NO,NO,A,Pounds,0,0,0,0
2016,00617PFZRPHIGHW,1.10008E+11,PFIZER PHARMACEUTICALS LLC,HWY #2 KM 58.2,BARCELONETA,BARCELONETA,PR,617,18.432819,-66.571055,325412,ETHYLENE GLYCOL,107211,YES,TRI,NO,NO,R,Pounds,0,0,0,0
2016,00747LCTTPNO9VQ,1.1E+11,HENKEL PUERTO RICO INC,QUILICHINI AVE # 9,SABANA GRANDE,SABANA GRANDE,PR,637,18.071036,-66.960911,325520,DIISOCYANATES,N120,YES,TRI,NO,NO,A,Pounds,0,0,0,0
2016,00613RSTNDROUTE,1.10007E+11,CUTLER HAMMER ELECTRICAL CO,RD 2 KM 67.6 SANTANA IND US TRIAL PARK,ARECIBO,ARECIBO,PR,612,18.444873,-66.649872,335313,ZINC COMPOUNDS,N982,NO,TRI,YES,NO,R,Pounds,0,52,0,52
2016,00767YBCSNROUTE,1.10001E+11,BUCKEYE CARIBBEAN TERMINALS LLC (FORMER SCYI),RT 901 KM 2.7 CAMINO NUEVO WARD,YABUCOA,YABUCOA,PR,767,18.046899,-65.85116,493110,NICKEL COMPOUNDS,N495,YES,TRI,YES,NO,A,Pounds,0,0,0,0
2016,00619CRBBNLUCHE,1.10008E+11,PUMA ENERGY CARIBE LLC,PR 28 KM 2 LUCHETTI IND US TRIAL PARK,BAYAMON,BAYAMON,PR,961,18.418463,-66.137481,424710,CYCLOHEXANE,110827,NO,TRI,NO,NO,R,Pounds,1.634,144,0,145.634
2016,00617PRCSNTMASD,1.10025E+11,ADM ALLIANCE NUTRITION OF PUERTO RICO LLC,TOMAS DAVILA ST EDIF 10  PALMAS ALTAS INDUSTRIAL P,BARCELONETA,BARCELONETA,PR,617,18.452756,-66.540381,311119,COBALT,7440484,YES,TRI,YES,YES,A,Pounds,0,0,0,0
2016,00659CNTRLRD2KM,1.1E+11,ADM ALLIANCE NUTRITION OF PR LLC,STATE RD NO. 2 KM 83.0 CARRIZALES WARD,HATILLO,HATILLO,PR,659,18.485142,-66.777319,311119,COBALT COMPOUNDS,N096,YES,TRI,YES,YES,A,Pounds,0,0,0,0
2016,00619CRBBNLUCHE,1.10008E+11,PUMA ENERGY CARIBE LLC,PR 28 KM 2 LUCHETTI IND US TRIAL PARK,BAYAMON,BAYAMON,PR,961,18.418463,-66.137481,424710,XYLENE (MIXED ISOMERS),1330207,YES,TRI,NO,NO,R,Pounds,4,1489.82,0,1493.82
2016,0096WPTRLMCARRE,1.10069E+11,PETROLEUM PRODUCTS SUPPLY LLC,CARRETERA 165 KM 2.4,GUAYNABO,GUAYNABO,PR,965,18.422748,-66.108806,324121,HYDROGEN SULFIDE,7783064,YES,TRI,NO,NO,R,Pounds,84000,0,0,84000
2016,0096WPMNRG1922A,1.10039E+11,PUMA ENERGY CARIBE LLC-GUAYNABO 1 TERMINAL,RD 28 KM 0.2,GUAYNABO,GUAYNABO,PR,965,18.391571,-66.117699,424710,"1,2,4-TRIMETHYLBENZENE",95636,NO,TRI,NO,NO,R,Pounds,0,78.44,0,78.44
2016,00754LNCMNURBAP,1.10005E+11,LANCO MANUFACTURING CORP,URB APONTE # 5,SAN LORENZO,SAN LORENZO,PR,754,18.193248,-65.94819,325510,N-HEXANE,110543,YES,TRI,NO,NO,R,Pounds,222.8,407.9,0,630.7
2016,00754LNCMNURBAP,1.10005E+11,LANCO MANUFACTURING CORP,URB APONTE # 5,SAN LORENZO,SAN LORENZO,PR,754,18.193248,-65.94819,325510,TOLUENE,108883,YES,TRI,NO,NO,R,Pounds,48.35,53.02,0,101.37
2016,0096WHDSNT869KM,1.1007E+11,HUDSON TECHNOLOGIES CO,869 KM 1.5,CATANO,CATANO,PR,962,18.44046,-66.12143,325120,DICHLOROFLUOROMETHANE,75434,NO,TRI,NO,NO,A,Pounds,0,0,0,0
2016,00771TRCSLSTATE,1.10001E+11,TO-RICOS LTD LAS PIEDRAS FEED MILL,"STATE RD PR-183, KM 22 BO. MONTONES",LAS PIEDRAS,LAS PIEDRAS,PR,771,18.163808,-65.881994,311119,MANGANESE COMPOUNDS,N450,YES,TRI,YES,NO,A,Pounds,0,0,0,0
2016,00619HRRSD15CST,1.10008E+11,HARRIS PAINTS CORP,"25 C STREET, MINILLAS INDUSTRIAL PARK, BAYAMON, PR",BAYAMON,BAYAMON,PR,959,18.392783,-66.164396,325510,LEAD,7439921,YES,PBT,YES,YES,R,Pounds,0,0,0,0
2016,00751PRPGRPRO3K,1.1E+11,PREPA - AGUIRRE POWER GENERATI ON COMPLEX,PR-03 KM 152.7 BO. MONTESORRIA AGUIRRE,AGUIRRE,SALINAS,PR,704,17.9493,-66.2317,221112,POLYCYCLIC AROMATIC COMPOUNDS,N590,YES,PBT,NO,YES,R,Pounds,0,299.4,0.62,300.02
2016,00920PRPSNMERCA,1.10001E+11,PREPA - SAN JUAN STEAM PLANT,MERCADO CENTRAL AVE ZONA PORTUARIA RD PR-28,PUERTO NUEVO,SAN JUAN,PR,920,18.42722,-66.10472,221112,"BENZO(G,H,I)PERYLENE",191242,YES,PBT,NO,YES,R,Pounds,0,0.2,0.319,0.519
2016,00619CRBBNLUCHE,1.10008E+11,PUMA ENERGY CARIBE LLC,PR 28 KM 2 LUCHETTI IND US TRIAL PARK,BAYAMON,BAYAMON,PR,961,18.418463,-66.137481,424710,N-HEXANE,110543,YES,TRI,NO,NO,R,Pounds,12,974.43,0,986.43
2016,00617PRCSNTMASD,1.10025E+11,ADM ALLIANCE NUTRITION OF PUERTO RICO LLC,TOMAS DAVILA ST EDIF 10  PALMAS ALTAS INDUSTRIAL P,BARCELONETA,BARCELONETA,PR,617,18.452756,-66.540381,311119,ZINC (FUME OR DUST),7440666,NO,TRI,NO,NO,A,Pounds,0,0,0,0
2016,00619CRBBNLUCHE,1.10008E+11,PUMA ENERGY CARIBE LLC,PR 28 KM 2 LUCHETTI IND US TRIAL PARK,BAYAMON,BAYAMON,PR,961,18.418463,-66.137481,424710,BENZENE,71432,YES,TRI,NO,YES,R,Pounds,12.456,1090,0,1102.456
2016,00656DCRBNBOMAG,1.10009E+11,PREPA-SOUTH COAST POWER PLANT,PR-127 KM 15.7,GUAYANILLA,GUAYANILLA,PR,656,18.0001,-66.7536,221112,N-HEXANE,110543,YES,TRI,NO,NO,R,Pounds,0,59096,0,59096
2016,00950PRPPLPR165,1.10001E+11,PREPA - PALO SECO STEAM PLANT,PR-165 KM. 31.8,TOA BAJA,TOA BAJA,PR,949,18.4551,-66.1489,221112,POLYCYCLIC AROMATIC COMPOUNDS,N590,YES,PBT,NO,YES,R,Pounds,0,45.2,0.66,45.86
2016,00612THRMKZENOG,1.10001E+11,THERMO KING PUERTO RICO MANUFACTURA INC,517 ZONA IND US TRIAL,ARECIBO,ARECIBO,PR,612,18.45815,-66.746457,333415,NICKEL,7440020,YES,TRI,YES,YES,R,Pounds,0,0.04,0,0.04
2016,00619HRRSD15CST,1.10008E+11,HARRIS PAINTS CORP,"25 C STREET, MINILLAS INDUSTRIAL PARK, BAYAMON, PR",BAYAMON,BAYAMON,PR,959,18.392783,-66.164396,325510,CERTAIN GLYCOL ETHERS,N230,YES,TRI,NO,NO,R,Pounds,0.19,0.068,0,0.258
2016,00965PCKGNAMELI,1.10016E+11,WESTROCK-PUERTO RICO INC,AMELIA IND US TRIAL PARK 47 AMELIA ST,GUAYNABO,GUAYNABO,PR,968,18.41943,-66.11104,322211,POLYCYCLIC AROMATIC COMPOUNDS,N590,YES,PBT,NO,YES,R,Pounds,0,0.00307,0,0.00307
2016,00709CRVCRCALLE,1.1E+11,COMPANIA CERVECERA DE PUERTO RICO INC,BLVD ALFONZO VALDEZ #100,MAYAGUEZ,MAYAGUEZ,PR,680,18.206944,-67.141667,312120,NITRIC ACID,7697372,NO,TRI,NO,NO,R,Pounds,0,5,0,5
2016,00965SSCTBSTATE,1.10009E+11,TOTAL GUAYNABO BULK TERMINAL,STATE RD NO 28 KM 0..8,GUAYNABO,GUAYNABO,PR,965,18.425225,-66.106555,424710,NAPHTHALENE,91203,YES,TRI,NO,NO,R,Pounds,0.12,1.54,0,1.66
2016,0071WPNCCN619AV,1.10038E+11,PONCE CAN,619 AVE LA CEIBA,PONCE,PONCE,PR,717,18.021834,-66.574477,332431,COPPER,7440508,NO,TRI,YES,NO,R,Pounds,0,0,0,0
2016,00965SSCTBSTATE,1.10009E+11,TOTAL GUAYNABO BULK TERMINAL,STATE RD NO 28 KM 0..8,GUAYNABO,GUAYNABO,PR,965,18.425225,-66.106555,424710,XYLENE (MIXED ISOMERS),1330207,YES,TRI,NO,NO,R,Pounds,19.94,255.13,0,275.07
2016,00965SSCTBSTATE,1.10009E+11,TOTAL GUAYNABO BULK TERMINAL,STATE RD NO 28 KM 0..8,GUAYNABO,GUAYNABO,PR,965,18.425225,-66.106555,424710,METHYL TERT-BUTYL ETHER,1634044,YES,TRI,NO,NO,R,Pounds,39.12,500.42,0,539.54
2016,00785SPRTRKM142,1.10012E+11,AES PUERTO RICO LP,"KM 142, RD #3 BO. JOBOS",GUAYAMA,GUAYAMA,PR,785,17.9451,-66.1503,221112,ZINC COMPOUNDS,N982,NO,TRI,YES,NO,R,Pounds,1,997,0,998
2016,00767YBCSNROUTE,1.10001E+11,BUCKEYE CARIBBEAN TERMINALS LLC (FORMER SCYI),RT 901 KM 2.7 CAMINO NUEVO WARD,YABUCOA,YABUCOA,PR,767,18.046899,-65.85116,493110,TOLUENE,108883,YES,TRI,NO,NO,R,Pounds,154,996,0,1150
2016,00619HRRSD15CST,1.10008E+11,HARRIS PAINTS CORP,"25 C STREET, MINILLAS INDUSTRIAL PARK, BAYAMON, PR",BAYAMON,BAYAMON,PR,959,18.392783,-66.164396,325510,XYLENE (MIXED ISOMERS),1330207,YES,TRI,NO,NO,R,Pounds,229,40,0,269
2016,00701DPNTGHIGHW,1.10008E+11,DUPONT AGRICULTURAL CARIBE INDUSTRIES LTD,"P.R. RD NO. 686, KM. 2.3",MANATI,MANATI,PR,674,18.451004,-66.470899,325320,SILVER COMPOUNDS,N740,NO,TRI,YES,NO,R,Pounds,0,0,0,2
2016,00785SPRTRKM142,1.10012E+11,AES PUERTO RICO LP,"KM 142, RD #3 BO. JOBOS",GUAYAMA,GUAYAMA,PR,785,17.9451,-66.1503,221112,AMMONIA,7664417,NO,TRI,NO,NO,R,Pounds,248,248000,0,248248
2016,00950PRPPLPR165,1.10001E+11,PREPA - PALO SECO STEAM PLANT,PR-165 KM. 31.8,TOA BAJA,TOA BAJA,PR,949,18.4551,-66.1489,221112,NAPHTHALENE,91203,YES,TRI,NO,NO,R,Pounds,0,168,0.03,168.03
2016,00985CRTSNSTATE,1.10038E+11,CURTIS INSTRUMENTS (PR) INC,PUERTO RICO IND US TRIAL PARK KM 12.6 65TH INFANT,CAROLINA,CAROLINA,PR,985,18.37694,-65.94,334418,LEAD,7439921,YES,PBT,YES,YES,R,Pounds,0,1.9,0,1.9
2016,00656DCRBNBOMAG,1.10009E+11,PREPA-SOUTH COAST POWER PLANT,PR-127 KM 15.7,GUAYANILLA,GUAYANILLA,PR,656,18.0001,-66.7536,221112,MERCURY COMPOUNDS,N458,YES,PBT,YES,NO,R,Pounds,0,11.8,0,11.8
2016,00656DCRBNBOMAG,1.10009E+11,PREPA-SOUTH COAST POWER PLANT,PR-127 KM 15.7,GUAYANILLA,GUAYANILLA,PR,656,18.0001,-66.7536,221112,NAPHTHALENE,91203,YES,TRI,NO,NO,R,Pounds,0,121,0,121
2016,0096WPMNRG1922A,1.10039E+11,PUMA ENERGY CARIBE LLC-GUAYNABO 1 TERMINAL,RD 28 KM 0.2,GUAYNABO,GUAYNABO,PR,965,18.391571,-66.117699,424710,PHENANTHRENE,85018,YES,TRI,NO,NO,R,Pounds,0,0,0,0
2016,00767YBCSNROUTE,1.10001E+11,BUCKEYE CARIBBEAN TERMINALS LLC (FORMER SCYI),RT 901 KM 2.7 CAMINO NUEVO WARD,YABUCOA,YABUCOA,PR,767,18.046899,-65.85116,493110,XYLENE (MIXED ISOMERS),1330207,YES,TRI,NO,NO,R,Pounds,58,342,0,400
2016,00731PRLSSFIRMD,1.10007E+11,PEERLESS OIL & CHEMICALS INC,"HWY 127, KM.17.1",PENUELAS,PENUELAS,PR,624,17.9925,-66.746391,424710,ARSENIC,7440382,YES,TRI,YES,YES,R,Pounds,0,0,0,0
2016,00920PRPSNMERCA,1.10001E+11,PREPA - SAN JUAN STEAM PLANT,MERCADO CENTRAL AVE ZONA PORTUARIA RD PR-28,PUERTO NUEVO,SAN JUAN,PR,920,18.42722,-66.10472,221112,LEAD COMPOUNDS,N420,YES,PBT,YES,NO,R,Pounds,0,331,2.796,333.796
2016,00701DPNTGHIGHW,1.10008E+11,DUPONT AGRICULTURAL CARIBE INDUSTRIES LTD,"P.R. RD NO. 686, KM. 2.3",MANATI,MANATI,PR,674,18.451004,-66.470899,325320,XYLENE (MIXED ISOMERS),1330207,YES,TRI,NO,NO,R,Pounds,3131,214,0,3345
2016,00617PRCSNTMASD,1.10025E+11,ADM ALLIANCE NUTRITION OF PUERTO RICO LLC,TOMAS DAVILA ST EDIF 10  PALMAS ALTAS INDUSTRIAL P,BARCELONETA,BARCELONETA,PR,617,18.452756,-66.540381,311119,SELENIUM COMPOUNDS,N725,YES,TRI,YES,NO,A,Pounds,0,0,0,0
2016,00619CRBBNLUCHE,1.10008E+11,PUMA ENERGY CARIBE LLC,PR 28 KM 2 LUCHETTI IND US TRIAL PARK,BAYAMON,BAYAMON,PR,961,18.418463,-66.137481,424710,BIPHENYL,92524,YES,TRI,NO,NO,R,Pounds,0,0,0,0
2016,00617PRCSNTMASD,1.10025E+11,ADM ALLIANCE NUTRITION OF PUERTO RICO LLC,TOMAS DAVILA ST EDIF 10  PALMAS ALTAS INDUSTRIAL P,BARCELONETA,BARCELONETA,PR,617,18.452756,-66.540381,311119,MANGANESE,7439965,YES,TRI,YES,NO,A,Pounds,0,0,0,0
2016,00785SPRTRKM142,1.10012E+11,AES PUERTO RICO LP,"KM 142, RD #3 BO. JOBOS",GUAYAMA,GUAYAMA,PR,785,17.9451,-66.1503,221112,BARIUM COMPOUNDS,N040,NO,TRI,NO,NO,R,Pounds,2,1596,0,1598
2016,0079WMDTRNHC1BX,1.10001E+11,MEDTRONIC PUERTO RICO OPERATIONS CO,"ROAD 909, KM. 0.4, MARIANA WARD",HUMACAO,HUMACAO,PR,791,18.146032,-65.824214,334510,NITRIC ACID,7697372,NO,TRI,NO,NO,R,Pounds,0,0.06581,0,0.06581
2016,00612PRPCMPR681,1.10001E+11,PREPA-CAMBALACHE COMBUSTION TURBINE PLANT,PR-681 KM 0.5,ARECIBO,ARECIBO,PR,612,18.4711,-66.6994,221112,POLYCYCLIC AROMATIC COMPOUNDS,N590,YES,PBT,NO,YES,R,Pounds,0,51.8,0,51.8
2016,00767YBCSNROUTE,1.10001E+11,BUCKEYE CARIBBEAN TERMINALS LLC (FORMER SCYI),RT 901 KM 2.7 CAMINO NUEVO WARD,YABUCOA,YABUCOA,PR,767,18.046899,-65.85116,493110,BENZENE,71432,YES,TRI,NO,YES,R,Pounds,91.92,1107,0,1198.92
2016,00701DPNTLHIGHW,1.10001E+11,DU PONT ELECTRONICS MICROCIRCU ITS INDUSTRIES LTD,HWY 686 KM 2.3,MANATI,MANATI,PR,674,18.4501,-66.4739,334413,TRIBENURON METHYL,101200480,NO,TRI,NO,NO,R,Pounds,0,0,0,0
2016,00617PRCSNTMASD,1.10025E+11,ADM ALLIANCE NUTRITION OF PUERTO RICO LLC,TOMAS DAVILA ST EDIF 10  PALMAS ALTAS INDUSTRIAL P,BARCELONETA,BARCELONETA,PR,617,18.452756,-66.540381,311119,COPPER,7440508,NO,TRI,YES,NO,A,Pounds,0,0,0,0
2016,00619CRBBNLUCHE,1.10008E+11,PUMA ENERGY CARIBE LLC,PR 28 KM 2 LUCHETTI IND US TRIAL PARK,BAYAMON,BAYAMON,PR,961,18.418463,-66.137481,424710,PHENANTHRENE,85018,YES,TRI,NO,NO,R,Pounds,0,0,0,0
2016,00965SSCTBSTATE,1.10009E+11,TOTAL GUAYNABO BULK TERMINAL,STATE RD NO 28 KM 0..8,GUAYNABO,GUAYNABO,PR,965,18.425225,-66.106555,424710,BENZENE,71432,YES,TRI,NO,YES,R,Pounds,27.74,354.85,0,382.59
2016,00656DCRBNBOMAG,1.10009E+11,PREPA-SOUTH COAST POWER PLANT,PR-127 KM 15.7,GUAYANILLA,GUAYANILLA,PR,656,18.0001,-66.7536,221112,POLYCYCLIC AROMATIC COMPOUNDS,N590,YES,PBT,NO,YES,R,Pounds,0,6.2,0,6.2
2016,00754LNCMNURBAP,1.10005E+11,LANCO MANUFACTURING CORP,URB APONTE # 5,SAN LORENZO,SAN LORENZO,PR,754,18.193248,-65.94819,325510,DICHLOROMETHANE,75092,YES,TRI,NO,YES,R,Pounds,8.7,149.5,0,158.2
2016,00771CTLRH50JES,1.10008E+11,CUTLER HAMMER ELECTRICAL CO,CARRETERA 183 KM 20.3,LAS PIEDRAS,LAS PIEDRAS,PR,771,18.176389,-65.873889,335313,NICKEL,7440020,YES,TRI,YES,YES,R,Pounds,0,0,0,0
2016,00701DPNTLHIGHW,1.10001E+11,DU PONT ELECTRONICS MICROCIRCU ITS INDUSTRIES LTD,HWY 686 KM 2.3,MANATI,MANATI,PR,674,18.4501,-66.4739,334413,FORMALDEHYDE,50000,YES,TRI,NO,YES,R,Pounds,1,10.7,0,11.7
2016,00920TXCDPRD28P,1.10001E+11,PUMA ENERGY CARIBE LLC-GUAYNABO 2 TERMINAL,RD 28 KM 0.8 PUEBLO VIEJO WARD,GUAYNABO,GUAYNABO,PR,971,18.423218,-66.10706,424710,TOLUENE,108883,YES,TRI,NO,NO,R,Pounds,81.47,770.311,0,851.781
2016,00705BXTRHMERCE,1.10008E+11,BAXTER HEALTHCARE OF PUERTO RICO,ROAD 721 KM. 0.3 MERCEDITA SERRALLEZ RD,AIBONITO,AIBONITO,PR,705,18.137284,-66.259279,339112,DI(2-ETHYLHEXYL) PHTHALATE,117817,YES,TRI,NO,YES,R,Pounds,0,19.13,0,19.13
2016,00621SLNDCLUCHE,1.10001E+11,ISLAND CAN CARRIBEAN INC,PR-28 CORNER PR-05 LUCHETTI IND US TRIAL PARK,BAYAMON,BAYAMON,PR,961,18.412117,-66.143666,332431,COPPER,7440508,NO,TRI,YES,NO,R,Pounds,0,0,0,0
2016,00785SPRTRKM142,1.10012E+11,AES PUERTO RICO LP,"KM 142, RD #3 BO. JOBOS",GUAYAMA,GUAYAMA,PR,785,17.9451,-66.1503,221112,VANADIUM (EXCEPT WHEN CONTAINED IN AN ALLOY),7440622,NO,TRI,NO,NO,R,Pounds,0,144,0,144
2016,00757SNDSTRD537,1.10042E+11,HAMILTON SUNDSTRAND DE PUERTO RICO INC,RD 538 KM 0.7 FELICIA INDUSTRIAL PARK,SANTA ISABEL,SANTA ISABEL,PR,757,17.960035,-66.405047,336413,LEAD,7439921,YES,PBT,YES,YES,R,Pounds,0,0,0,0
2016,00785CHMSRRD3KM,1.10008E+11,TAPI PUERTO RICO INC,RD #3 KM. 143.0 JOBOS WARD,GUAYAMA,GUAYAMA,PR,784,17.948504,-66.154155,325412,TOLUENE,108883,YES,TRI,NO,NO,R,Pounds,1,477,0,478
2016,00617PRCSNTMASD,1.10025E+11,ADM ALLIANCE NUTRITION OF PUERTO RICO LLC,TOMAS DAVILA ST EDIF 10  PALMAS ALTAS INDUSTRIAL P,BARCELONETA,BARCELONETA,PR,617,18.452756,-66.540381,311119,COBALT COMPOUNDS,N096,YES,TRI,YES,YES,A,Pounds,0,0,0,0
2016,00610BXTRHROAD4,1.10042E+11,EDWARDS LIFESCIENCES TECHNOLOGY SARL,STATE RD 402 KM 1.4 N LAS MARIAS IND US TRIAL PARK,ANASCO,ANASCO,PR,610,18.29333,-67.1366,339112,ETHYLENE GLYCOL,107211,YES,TRI,NO,NO,R,Pounds,0,0,0,0
2016,00924MXCHMLABRI,1.10006E+11,MAX CHEMICAL INC,"URB. INDUSTRIAL SABANA LLANA, LA BRISA NO. 6",RIO PIEDRAS,SAN JUAN,PR,924,18.39696,-66.02442,325510,LEAD COMPOUNDS,N420,YES,PBT,YES,NO,R,Pounds,3.1,0.78,0,3.88
2016,00920TXCDPRD28P,1.10001E+11,PUMA ENERGY CARIBE LLC-GUAYNABO 2 TERMINAL,RD 28 KM 0.8 PUEBLO VIEJO WARD,GUAYNABO,GUAYNABO,PR,971,18.423218,-66.10706,424710,LEAD COMPOUNDS,N420,YES,PBT,YES,NO,R,Pounds,0,0,0,0
2016,00628LLLLY65THI,1.10008E+11,LILLY DEL CARIBE INC CAROLIN A,430 CALLE FABRIL,CAROLINA,CAROLINA,PR,987,18.381358,-65.942127,325412,NITRATE COMPOUNDS,N511,NO,TRI,NO,NO,R,Pounds,0,0,0,0
2016,00771CTLRH50JES,1.10008E+11,CUTLER HAMMER ELECTRICAL CO,CARRETERA 183 KM 20.3,LAS PIEDRAS,LAS PIEDRAS,PR,771,18.176389,-65.873889,335313,STYRENE,100425,YES,TRI,NO,YES,R,Pounds,819,0,0,819
2016,00936SNJNCKM267,1.10001E+11,ESSROC SAN JUAN INC,KM 26.7 STATE HWY #2,DORADO,DORADO,PR,646,18.3944,-66.2976,212399,AMMONIA,7664417,NO,TRI,NO,NO,R,Pounds,750,29778,0,30528
2016,00619CRBBNLUCHE,1.10008E+11,PUMA ENERGY CARIBE LLC,PR 28 KM 2 LUCHETTI IND US TRIAL PARK,BAYAMON,BAYAMON,PR,961,18.418463,-66.137481,424710,"1,2,4-TRIMETHYLBENZENE",95636,NO,TRI,NO,NO,R,Pounds,0,720,0,720
2016,00617PFZRPHIGHW,1.10008E+11,PFIZER PHARMACEUTICALS LLC,HWY #2 KM 58.2,BARCELONETA,BARCELONETA,PR,617,18.432819,-66.571055,325412,TERT-BUTYL ALCOHOL,75650,NO,TRI,NO,NO,R,Pounds,0,0,0,0
2016,00785SPRTRKM142,1.10012E+11,AES PUERTO RICO LP,"KM 142, RD #3 BO. JOBOS",GUAYAMA,GUAYAMA,PR,785,17.9451,-66.1503,221112,CHROMIUM COMPOUNDS(EXCEPT CHROMITE ORE MINED IN THE TRANSVAAL REGION),N090,YES,TRI,YES,NO,R,Pounds,1,70,0,71
2016,00613RSTNDROUTE,1.10007E+11,CUTLER HAMMER ELECTRICAL CO,RD 2 KM 67.6 SANTANA IND US TRIAL PARK,ARECIBO,ARECIBO,PR,612,18.444873,-66.649872,335313,STYRENE,100425,YES,TRI,NO,YES,R,Pounds,889,0,0,889
2016,00628LLLLY65THI,1.10008E+11,LILLY DEL CARIBE INC CAROLIN A,430 CALLE FABRIL,CAROLINA,CAROLINA,PR,987,18.381358,-65.942127,325412,POLYCYCLIC AROMATIC COMPOUNDS,N590,YES,PBT,NO,YES,R,Pounds,0,0,0,0
2016,00654NQSTNROAD3,1.10001E+11,BAXTER HEALTHCARE SA/BAXTER HEALTHCARE OF PUERTO RICO,RD # 3 KM 144.2,GUAYAMA,GUAYAMA,PR,784,17.9631,-66.1503,325412,METHANOL,67561,YES,TRI,NO,NO,R,Pounds,5,5,0,10
2016,00619CRBBNLUCHE,1.10008E+11,PUMA ENERGY CARIBE LLC,PR 28 KM 2 LUCHETTI IND US TRIAL PARK,BAYAMON,BAYAMON,PR,961,18.418463,-66.137481,424710,NAPHTHALENE,91203,YES,TRI,NO,NO,R,Pounds,0,0.094,0,0.094
2016,00608DCRBNRD3KM,1.10002E+11,IDI CARIBE INC,PR3 KM 151.8 AGUIRRE,SALINAS,SALINAS,PR,751,18.01,-66.25,325991,ZINC COMPOUNDS,N982,NO,TRI,YES,NO,R,Pounds,0,0.38,0,0.38
2016,00656DCRBNBOMAG,1.10009E+11,PREPA-SOUTH COAST POWER PLANT,PR-127 KM 15.7,GUAYANILLA,GUAYANILLA,PR,656,18.0001,-66.7536,221112,LEAD COMPOUNDS,N420,YES,PBT,YES,NO,R,Pounds,0,54.6,0,54.6
2016,00751PRPGRPRO3K,1.1E+11,PREPA - AGUIRRE POWER GENERATI ON COMPLEX,PR-03 KM 152.7 BO. MONTESORRIA AGUIRRE,AGUIRRE,SALINAS,PR,704,17.9493,-66.2317,221112,"BENZO(G,H,I)PERYLENE",191242,YES,PBT,NO,YES,R,Pounds,0,0.4,0.4753,0.8753
2016,00617MRCKSSTATE,1.10068E+11,MERIAL BARCELONETA LLC,ROAD #2 KM 56.7,BARCELONETA,BARCELONETA,PR,617,18.425545,-66.547442,325412,CHLORODIFLUOROMETHANE,75456,NO,TRI,NO,NO,R,Pounds,0,0,0,0
2016,00701DPNTGHIGHW,1.10008E+11,DUPONT AGRICULTURAL CARIBE INDUSTRIES LTD,"P.R. RD NO. 686, KM. 2.3",MANATI,MANATI,PR,674,18.451004,-66.470899,325320,LEAD COMPOUNDS,N420,YES,PBT,YES,NO,R,Pounds,0,0.586,0,4.786
2016,00701DPNTGHIGHW,1.10008E+11,DUPONT AGRICULTURAL CARIBE INDUSTRIES LTD,"P.R. RD NO. 686, KM. 2.3",MANATI,MANATI,PR,674,18.451004,-66.470899,325320,PYRIDINE,110861,NO,TRI,NO,NO,R,Pounds,1.1,2.2,0,3.3
2016,00751SRMYNRAD1I,1.10007E+11,US ARMY NATIONAL GUARD CAMP SANTIAGO TRAINING CENTER-RANGES,ROAD # 1 INT ROAD #154,SALINAS,SALINAS,PR,751,18.001111,-66.291677,928110,LEAD,7439921,YES,PBT,YES,YES,R,Pounds,0,0,0,10200.3
2016,00767YBCSNROUTE,1.10001E+11,BUCKEYE CARIBBEAN TERMINALS LLC (FORMER SCYI),RT 901 KM 2.7 CAMINO NUEVO WARD,YABUCOA,YABUCOA,PR,767,18.046899,-65.85116,493110,ETHYLBENZENE,100414,YES,TRI,NO,NO,R,Pounds,13.54,88.46,0,102
2016,00920TXCDPRD28P,1.10001E+11,PUMA ENERGY CARIBE LLC-GUAYNABO 2 TERMINAL,RD 28 KM 0.8 PUEBLO VIEJO WARD,GUAYNABO,GUAYNABO,PR,971,18.423218,-66.10706,424710,BENZENE,71432,YES,TRI,NO,YES,R,Pounds,0.866,144.342,0,145.208
2016,00924MXCHMLABRI,1.10006E+11,MAX CHEMICAL INC,"URB. INDUSTRIAL SABANA LLANA, LA BRISA NO. 6",RIO PIEDRAS,SAN JUAN,PR,924,18.39696,-66.02442,325510,NONYLPHENOL,N530,NO,TRI,NO,NO,A,Pounds,0,0,0,0
2016,00924MXCHMLABRI,1.10006E+11,MAX CHEMICAL INC,"URB. INDUSTRIAL SABANA LLANA, LA BRISA NO. 6",RIO PIEDRAS,SAN JUAN,PR,924,18.39696,-66.02442,325510,ZINC COMPOUNDS,N982,NO,TRI,YES,NO,A,Pounds,0,0,0,0
2016,00617PFZRPHIGHW,1.10008E+11,PFIZER PHARMACEUTICALS LLC,HWY #2 KM 58.2,BARCELONETA,BARCELONETA,PR,617,18.432819,-66.571055,325412,"N,N-DIMETHYLFORMAMIDE",68122,YES,TRI,NO,YES,R,Pounds,67.21,204.27,0,271.48
2016,0098WCRTSNCUATR,1.1007E+11,CURTIS INSTRUMENTS (PR) INC,"CUATRO RUEDAS STREET, SABANA ABAJO INDUSTRIAL PARK",CAROLINA,CAROLINA,PR,983,18.4149,-65.98415,334418,LEAD,7439921,YES,PBT,YES,YES,R,Pounds,0,1.9,0,1.9
2016,00965SSCTBSTATE,1.10009E+11,TOTAL GUAYNABO BULK TERMINAL,STATE RD NO 28 KM 0..8,GUAYNABO,GUAYNABO,PR,965,18.425225,-66.106555,424710,TOLUENE,108883,YES,TRI,NO,NO,R,Pounds,38.96,498.47,0,537.43
2016,00960CRBMTBAYAM,1.10012E+11,CARIBE METALLURGICAL,"INDUSTRIAL LUCHETTI, LOT 15",BAYAMON,BAYAMON,PR,961,18.41716,-66.139498,332811,METHANOL,67561,YES,TRI,NO,NO,R,Pounds,1133,0,0,1133
2016,00626QLTYLSTATE,1.10008E+11,QUALITY ELECTROPLATING CORP,SAKURA ST VILLA BLANCA IND US TRIAL PARK,CAGUAS,CAGUAS,PR,725,18.240409,-66.03531,332313,NITRIC ACID,7697372,NO,TRI,NO,NO,R,Pounds,5,5,0,10
2016,00718CMBPRELDUQ,1.10023E+11,COMBE PRODUCTS INC,EL DUQUE INDUSTRIAL PARK RD 971 ST A,NAGUABO,NAGUABO,PR,718,18.210845,-65.726706,325620,P-PHENYLENEDIAMINE,106503,YES,TRI,NO,NO,R,Pounds,0,0,0,0
2016,00659CNTRLRD2KM,1.1E+11,ADM ALLIANCE NUTRITION OF PR LLC,STATE RD NO. 2 KM 83.0 CARRIZALES WARD,HATILLO,HATILLO,PR,659,18.485142,-66.777319,311119,ZINC (FUME OR DUST),7440666,NO,TRI,NO,NO,A,Pounds,0,0,0,0
2016,00767YBCSNROUTE,1.10001E+11,BUCKEYE CARIBBEAN TERMINALS LLC (FORMER SCYI),RT 901 KM 2.7 CAMINO NUEVO WARD,YABUCOA,YABUCOA,PR,767,18.046899,-65.85116,493110,CUMENE,98828,YES,TRI,NO,NO,A,Pounds,0,0,0,0
2016,00613CRBGPZENOG,1.10001E+11,GE INDUSTRIAL OF PUERTO RICO LLC ARECIBO PLANT,RT. 129 KM. 41.0 ZENO GANDIA INDUSTRIAL PARK,ARECIBO,ARECIBO,PR,612,18.462669,-66.749238,332813,NITRATE COMPOUNDS,N511,NO,TRI,NO,NO,R,Pounds,0,0,0,0
2016,0079WBRDSHPARQU,1.10069E+11,BARD SHANNON LTD,PARQUE INDUSTRIAL SAN GERONIMO LOTE 1,HUMACAO,HUMACAO,PR,791,18.146065,-65.791517,339112,NITRIC ACID,7697372,NO,TRI,NO,NO,R,Pounds,0,2447.55,0,2447.55
2016,00924MXCHMLABRI,1.10006E+11,MAX CHEMICAL INC,"URB. INDUSTRIAL SABANA LLANA, LA BRISA NO. 6",RIO PIEDRAS,SAN JUAN,PR,924,18.39696,-66.02442,325510,M-XYLENE,108383,YES,TRI,NO,NO,A,Pounds,0,0,0,0
2016,00621SLNDCLUCHE,1.10001E+11,ISLAND CAN CARRIBEAN INC,PR-28 CORNER PR-05 LUCHETTI IND US TRIAL PARK,BAYAMON,BAYAMON,PR,961,18.412117,-66.143666,332431,METHYL ISOBUTYL KETONE,108101,YES,TRI,NO,NO,R,Pounds,1335,2557,0,3892
2016,00754LNCMNURBAP,1.10005E+11,LANCO MANUFACTURING CORP,URB APONTE # 5,SAN LORENZO,SAN LORENZO,PR,754,18.193248,-65.94819,325510,METHYL ISOBUTYL KETONE,108101,YES,TRI,NO,NO,R,Pounds,4.81,1.62,0,6.43
2016,00735PRPDGPR03K,1.10007E+11,PREPA-DAGUAO GAS TURBINES POWER PLANT,PR-03 KM 58.3,CEIBA,CEIBA,PR,735,18.241,-65.6591,221112,NAPHTHALENE,91203,YES,TRI,NO,NO,A,Pounds,0,0,0,0
2016,00617BBVLTRDN2K,1.10055E+11,ABBVIE LTD,RD NO2 KM 58.0 CRUCE DAVILA,BARCELONETA,BARCELONETA,PR,617,18.433642,-66.566856,325412,POLYCYCLIC AROMATIC COMPOUNDS,N590,YES,PBT,NO,YES,R,Pounds,0,0.1156123,0,0.1156123
2016,00659CNTRLRD2KM,1.1E+11,ADM ALLIANCE NUTRITION OF PR LLC,STATE RD NO. 2 KM 83.0 CARRIZALES WARD,HATILLO,HATILLO,PR,659,18.485142,-66.777319,311119,MANGANESE,7439965,YES,TRI,YES,NO,A,Pounds,0,0,0,0
2016,00701DPNTGHIGHW,1.10008E+11,DUPONT AGRICULTURAL CARIBE INDUSTRIES LTD,"P.R. RD NO. 686, KM. 2.3",MANATI,MANATI,PR,674,18.451004,-66.470899,325320,CHLORSULFURON,64902723,NO,TRI,NO,NO,R,Pounds,0.4,0,0,0.4
2016,00619HRRSD15CST,1.10008E+11,HARRIS PAINTS CORP,"25 C STREET, MINILLAS INDUSTRIAL PARK, BAYAMON, PR",BAYAMON,BAYAMON,PR,959,18.392783,-66.164396,325510,DICHLOROMETHANE,75092,YES,TRI,NO,YES,A,Pounds,0,0,0,0
2016,00733PRTRCPUBLI,1.10023E+11,CEMEX DE PUERTO RICO INC,STATE RD 123 KM 8.0,PONCE,PONCE,PR,733,18.02305,-66.63888,327310,MERCURY COMPOUNDS,N458,YES,PBT,YES,NO,R,Pounds,0,9.47,0,9.47
2016,00950PRPPLPR165,1.10001E+11,PREPA - PALO SECO STEAM PLANT,PR-165 KM. 31.8,TOA BAJA,TOA BAJA,PR,949,18.4551,-66.1489,221112,"BENZO(G,H,I)PERYLENE",191242,YES,PBT,NO,YES,R,Pounds,0,0.3,0.047,0.347
2016,00771CTLRH50JES,1.10008E+11,CUTLER HAMMER ELECTRICAL CO,CARRETERA 183 KM 20.3,LAS PIEDRAS,LAS PIEDRAS,PR,771,18.176389,-65.873889,335313,SILVER,7440224,NO,TRI,YES,NO,R,Pounds,0,0,0,0
2016,00626QLTYLSTATE,1.10008E+11,QUALITY ELECTROPLATING CORP,SAKURA ST VILLA BLANCA IND US TRIAL PARK,CAGUAS,CAGUAS,PR,725,18.240409,-66.03531,332313,CYANIDE COMPOUNDS,N106,YES,TRI,NO,NO,R,Pounds,0,0,0,0
2016,00757SNDSTRD537,1.10042E+11,HAMILTON SUNDSTRAND DE PUERTO RICO INC,RD 538 KM 0.7 FELICIA INDUSTRIAL PARK,SANTA ISABEL,SANTA ISABEL,PR,757,17.960035,-66.405047,336413,COPPER,7440508,NO,TRI,YES,NO,R,Pounds,0,0,0,0
2016,00757SNDSTRD537,1.10042E+11,HAMILTON SUNDSTRAND DE PUERTO RICO INC,RD 538 KM 0.7 FELICIA INDUSTRIAL PARK,SANTA ISABEL,SANTA ISABEL,PR,757,17.960035,-66.405047,336413,COBALT,7440484,YES,TRI,YES,YES,R,Pounds,0,0,0,0
2016,00617PRCSNTMASD,1.10025E+11,ADM ALLIANCE NUTRITION OF PUERTO RICO LLC,TOMAS DAVILA ST EDIF 10  PALMAS ALTAS INDUSTRIAL P,BARCELONETA,BARCELONETA,PR,617,18.452756,-66.540381,311119,MANGANESE COMPOUNDS,N450,YES,TRI,YES,NO,R,Pounds,0,0.12,0,0.12
2016,00937SSLMMLUISM,1.10008E+11,LMM AIRPORT PLANT,LUIS MUNOZ MARIN INT AIRPORT MUNIZ AIR BASE AREA,CAROLINA,CAROLINA,PR,979,18.439444,-66.005836,424710,XYLENE (MIXED ISOMERS),1330207,YES,TRI,NO,NO,R,Pounds,51.13,416.4,0,467.53
2016,00619SLNDLST167,1.10008E+11,ISLAND LITHO CORP,PR-28 CORNER PR-05 LUCHETTI,BAYAMON,BAYAMON,PR,961,18.412467,-66.143242,332812,"1,2,4-TRIMETHYLBENZENE",95636,NO,TRI,NO,NO,R,Pounds,1003.48,983.41,0,1986.89
2016,00965SSCTBSTATE,1.10009E+11,TOTAL GUAYNABO BULK TERMINAL,STATE RD NO 28 KM 0..8,GUAYNABO,GUAYNABO,PR,965,18.425225,-66.106555,424710,CUMENE,98828,YES,TRI,NO,NO,R,Pounds,0.41,5.29,0,5.7
2016,00962CHNDLRD869,1.10008E+11,MAYS CHEMICAL CO OF PR DBA MAYS OCHOA,RD 869 ST 2 BO PALMAS,CATANO,CATANO,PR,962,18.425556,-66.155556,424690,METHANOL,67561,YES,TRI,NO,NO,A,Pounds,0,0,0,0
2016,00612PRPCMPR681,1.10001E+11,PREPA-CAMBALACHE COMBUSTION TURBINE PLANT,PR-681 KM 0.5,ARECIBO,ARECIBO,PR,612,18.4711,-66.6994,221112,NAPHTHALENE,91203,YES,TRI,NO,NO,A,Pounds,0,0,0,0
2016,00747LCTTPNO9VQ,1.1E+11,HENKEL PUERTO RICO INC,QUILICHINI AVE # 9,SABANA GRANDE,SABANA GRANDE,PR,637,18.071036,-66.960911,325520,TOLUENE DIISOCYANATE (MIXED ISOMERS),26471625,NO,TRI,NO,YES,A,Pounds,0,0,0,0
2016,00619HRRSD15CST,1.10008E+11,HARRIS PAINTS CORP,"25 C STREET, MINILLAS INDUSTRIAL PARK, BAYAMON, PR",BAYAMON,BAYAMON,PR,959,18.392783,-66.164396,325510,TOLUENE,108883,YES,TRI,NO,NO,R,Pounds,621,255,0,876
2016,00617PFZRPHIGHW,1.10008E+11,PFIZER PHARMACEUTICALS LLC,HWY #2 KM 58.2,BARCELONETA,BARCELONETA,PR,617,18.432819,-66.571055,325412,METHANOL,67561,YES,TRI,NO,NO,R,Pounds,1409.66,5954.98,0,7364.64
2016,00659CNTRLRD2KM,1.1E+11,ADM ALLIANCE NUTRITION OF PR LLC,STATE RD NO. 2 KM 83.0 CARRIZALES WARD,HATILLO,HATILLO,PR,659,18.485142,-66.777319,311119,COBALT,7440484,YES,TRI,YES,YES,A,Pounds,0,0,0,0
2016,00659CNTRLRD2KM,1.1E+11,ADM ALLIANCE NUTRITION OF PR LLC,STATE RD NO. 2 KM 83.0 CARRIZALES WARD,HATILLO,HATILLO,PR,659,18.485142,-66.777319,311119,MANGANESE COMPOUNDS,N450,YES,TRI,YES,NO,A,Pounds,0,0,0,0
2016,00659CNTRLRD2KM,1.1E+11,ADM ALLIANCE NUTRITION OF PR LLC,STATE RD NO. 2 KM 83.0 CARRIZALES WARD,HATILLO,HATILLO,PR,659,18.485142,-66.777319,311119,COPPER,7440508,NO,TRI,YES,NO,A,Pounds,0,0,0,0
2016,00767YBCSNROUTE,1.10001E+11,BUCKEYE CARIBBEAN TERMINALS LLC (FORMER SCYI),RT 901 KM 2.7 CAMINO NUEVO WARD,YABUCOA,YABUCOA,PR,767,18.046899,-65.85116,493110,"1,2,4-TRIMETHYLBENZENE",95636,NO,TRI,NO,NO,R,Pounds,214,2891,0,3105
2016,0096WHDSNT869KM,1.1007E+11,HUDSON TECHNOLOGIES CO,869 KM 1.5,CATANO,CATANO,PR,962,18.44046,-66.12143,325120,"2,2-DICHLORO-1,1,1-TRIFLUOROETHANE",306832,NO,TRI,NO,NO,A,Pounds,0,0,0,0
2016,00731PRLSSFIRMD,1.10007E+11,PEERLESS OIL & CHEMICALS INC,"HWY 127, KM.17.1",PENUELAS,PENUELAS,PR,624,17.9925,-66.746391,424710,BENZENE,71432,YES,TRI,NO,YES,R,Pounds,18.8,2774,0,2792.8
2016,00654NQSTNROAD3,1.10001E+11,BAXTER HEALTHCARE SA/BAXTER HEALTHCARE OF PUERTO RICO,RD # 3 KM 144.2,GUAYAMA,GUAYAMA,PR,784,17.9631,-66.1503,325412,HYDROGEN FLUORIDE,7664393,YES,TRI,NO,NO,R,Pounds,5,5,0,10
2016,00785SPRTRKM142,1.10012E+11,AES PUERTO RICO LP,"KM 142, RD #3 BO. JOBOS",GUAYAMA,GUAYAMA,PR,785,17.9451,-66.1503,221112,HYDROGEN FLUORIDE,7664393,YES,TRI,NO,NO,R,Pounds,11,10835,0,10846
2016,00725SCHSCRD175,1.10011E+11,SACHS CHEMICAL INC,RD 175 KM.0.02 RIO CANA IND WARD LOT 18,CAGUAS,CAGUAS,PR,725,18.296341,-66.05461,424690,METHANOL,67561,YES,TRI,NO,NO,A,Pounds,0,0,0,0
2016,00965SSCTBSTATE,1.10009E+11,TOTAL GUAYNABO BULK TERMINAL,STATE RD NO 28 KM 0..8,GUAYNABO,GUAYNABO,PR,965,18.425225,-66.106555,424710,N-HEXANE,110543,YES,TRI,NO,NO,R,Pounds,24.56,314.2,0,338.76
2016,00701DPNTGHIGHW,1.10008E+11,DUPONT AGRICULTURAL CARIBE INDUSTRIES LTD,"P.R. RD NO. 686, KM. 2.3",MANATI,MANATI,PR,674,18.451004,-66.470899,325320,TRIBENURON METHYL,101200480,NO,TRI,NO,NO,R,Pounds,0,0,0,0
2016,00965SSCTBSTATE,1.10009E+11,TOTAL GUAYNABO BULK TERMINAL,STATE RD NO 28 KM 0..8,GUAYNABO,GUAYNABO,PR,965,18.425225,-66.106555,424710,"1,2,4-TRIMETHYLBENZENE",95636,NO,TRI,NO,NO,R,Pounds,1.04,13.23,0,14.27
2016,0096WPMNRG1922A,1.10039E+11,PUMA ENERGY CARIBE LLC-GUAYNABO 1 TERMINAL,RD 28 KM 0.2,GUAYNABO,GUAYNABO,PR,965,18.391571,-66.117699,424710,XYLENE (MIXED ISOMERS),1330207,YES,TRI,NO,NO,R,Pounds,88.53,458.84,0,547.37
2016,00612THRMKZENOG,1.10001E+11,THERMO KING PUERTO RICO MANUFACTURA INC,517 ZONA IND US TRIAL,ARECIBO,ARECIBO,PR,612,18.45815,-66.746457,333415,CHROMIUM,7440473,YES,TRI,YES,YES,R,Pounds,0,0.05,0,0.05
2016,00950PRPPLPR165,1.10001E+11,PREPA - PALO SECO STEAM PLANT,PR-165 KM. 31.8,TOA BAJA,TOA BAJA,PR,949,18.4551,-66.1489,221112,LEAD COMPOUNDS,N420,YES,PBT,YES,NO,R,Pounds,0,121.39,0.41,121.8
2016,00771TRCSLSTATE,1.10001E+11,TO-RICOS LTD LAS PIEDRAS FEED MILL,"STATE RD PR-183, KM 22 BO. MONTONES",LAS PIEDRAS,LAS PIEDRAS,PR,771,18.163808,-65.881994,311119,COPPER COMPOUNDS,N100,NO,TRI,YES,NO,A,Pounds,0,0,0,0
2016,00632BCRDCSTREE,1.10013E+11,BACARDI CORP,RD # 165 KM 2.6 IND US TRIAL AREA,CATANO,CATANO,PR,962,18.457669,-66.140611,312140,"BENZO(G,H,I)PERYLENE",191242,YES,PBT,NO,YES,R,Pounds,0,0,0,0
2016,00654NQSTNROAD3,1.10001E+11,BAXTER HEALTHCARE SA/BAXTER HEALTHCARE OF PUERTO RICO,RD # 3 KM 144.2,GUAYAMA,GUAYAMA,PR,784,17.9631,-66.1503,325412,DIMETHYL SULFATE,77781,YES,TRI,NO,YES,R,Pounds,0,0,0,0
2016,00920TXCDPRD28P,1.10001E+11,PUMA ENERGY CARIBE LLC-GUAYNABO 2 TERMINAL,RD 28 KM 0.8 PUEBLO VIEJO WARD,GUAYNABO,GUAYNABO,PR,971,18.423218,-66.10706,424710,CYCLOHEXANE,110827,NO,TRI,NO,NO,R,Pounds,41.23,171.859,0,213.089
2016,00937SSLMMLUISM,1.10008E+11,LMM AIRPORT PLANT,LUIS MUNOZ MARIN INT AIRPORT MUNIZ AIR BASE AREA,CAROLINA,CAROLINA,PR,979,18.439444,-66.005836,424710,ETHYLBENZENE,100414,YES,TRI,NO,NO,R,Pounds,13.3,105.7,0,119
2016,00715ZMMRCTURPE,1.10008E+11,ZIMMER MANUFACTURING BV,RD 1 KM 123.4 TURPEAUX INDUSTRIAL PARK,MERCEDITA,PONCE,PR,715,18.01,-66.57389,339113,COBALT,7440484,YES,TRI,YES,YES,R,Pounds,0,0,0,0
2016,00920TXCDPRD28P,1.10001E+11,PUMA ENERGY CARIBE LLC-GUAYNABO 2 TERMINAL,RD 28 KM 0.8 PUEBLO VIEJO WARD,GUAYNABO,GUAYNABO,PR,971,18.423218,-66.10706,424710,N-HEXANE,110543,YES,TRI,NO,NO,R,Pounds,1.417,175.153,0,176.57
2016,00937SSLMMLUISM,1.10008E+11,LMM AIRPORT PLANT,LUIS MUNOZ MARIN INT AIRPORT MUNIZ AIR BASE AREA,CAROLINA,CAROLINA,PR,979,18.439444,-66.005836,424710,BENZENE,71432,YES,TRI,NO,YES,R,Pounds,9.6,81.7,0,91.3
2016,00764THMSBCABOC,1.10001E+11,THOMAS & BETTS CARIBE INC,RD 686 CABO CARIBE IND US TRIAL PARK LOT 32-34,VEGA BAJA,VEGA BAJA,PR,693,18.450072,-66.388779,335931,COPPER,7440508,NO,TRI,YES,NO,R,Pounds,0,0,0,0
2016,00701DPNTLHIGHW,1.10001E+11,DU PONT ELECTRONICS MICROCIRCU ITS INDUSTRIES LTD,HWY 686 KM 2.3,MANATI,MANATI,PR,674,18.4501,-66.4739,334413,METHANOL,67561,YES,TRI,NO,NO,R,Pounds,0.307,1.77,0,2.077
2016,00613RSTNDROUTE,1.10007E+11,CUTLER HAMMER ELECTRICAL CO,RD 2 KM 67.6 SANTANA IND US TRIAL PARK,ARECIBO,ARECIBO,PR,612,18.444873,-66.649872,335313,COPPER,7440508,NO,TRI,YES,NO,R,Pounds,0,0,0,0
2016,00731PRLSSFIRMD,1.10007E+11,PEERLESS OIL & CHEMICALS INC,"HWY 127, KM.17.1",PENUELAS,PENUELAS,PR,624,17.9925,-66.746391,424710,CADMIUM,7440439,YES,TRI,YES,YES,R,Pounds,0,0,0,0
2016,00936SNJNCKM267,1.10001E+11,ESSROC SAN JUAN INC,KM 26.7 STATE HWY #2,DORADO,DORADO,PR,646,18.3944,-66.2976,212399,LEAD COMPOUNDS,N420,YES,PBT,YES,NO,R,Pounds,0,23.95,0,23.95
2016,00731PRLSSFIRMD,1.10007E+11,PEERLESS OIL & CHEMICALS INC,"HWY 127, KM.17.1",PENUELAS,PENUELAS,PR,624,17.9925,-66.746391,424710,ETHYLBENZENE,100414,YES,TRI,NO,NO,R,Pounds,2,308.2,0,310.2
2016,00936SZDRYAVEDE,1.10002E+11,SUIZA DAIRY CORP,SAN PATRICIO & DE DIEGO AVENUES,RIO PIEDRAS,SAN JUAN,PR,921,18.391944,-66.083885,311511,NITRIC ACID,7697372,NO,TRI,NO,NO,R,Pounds,0,0,0,0
2016,00664BXTRHSTROA,1.10001E+11,BAXTER HEALTHCARE OF PUERTO RICO,250 STATE RD 144 KM 20.6,JAYUYA,JAYUYA,PR,664,18.21695,-66.599138,325412,DI(2-ETHYLHEXYL) PHTHALATE,117817,YES,TRI,NO,YES,R,Pounds,0.4163,0,0,0.4163
2016,00924MXCHMLABRI,1.10006E+11,MAX CHEMICAL INC,"URB. INDUSTRIAL SABANA LLANA, LA BRISA NO. 6",RIO PIEDRAS,SAN JUAN,PR,924,18.39696,-66.02442,325510,ZINC (FUME OR DUST),7440666,NO,TRI,NO,NO,A,Pounds,0,0,0,0
2016,00731PRLSSFIRMD,1.10007E+11,PEERLESS OIL & CHEMICALS INC,"HWY 127, KM.17.1",PENUELAS,PENUELAS,PR,624,17.9925,-66.746391,424710,MERCURY COMPOUNDS,N458,YES,PBT,YES,NO,R,Pounds,0,0,0,0
2016,00617PFZRPHIGHW,1.10008E+11,PFIZER PHARMACEUTICALS LLC,HWY #2 KM 58.2,BARCELONETA,BARCELONETA,PR,617,18.432819,-66.571055,325412,ACETONITRILE,75058,YES,TRI,NO,NO,R,Pounds,79,56,0,135
2016,00613CRBGPZENOG,1.10001E+11,GE INDUSTRIAL OF PUERTO RICO LLC ARECIBO PLANT,RT. 129 KM. 41.0 ZENO GANDIA INDUSTRIAL PARK,ARECIBO,ARECIBO,PR,612,18.462669,-66.749238,332813,NITRIC ACID,7697372,NO,TRI,NO,NO,R,Pounds,8,1,0,9
2016,00659CNTRLRD2KM,1.1E+11,ADM ALLIANCE NUTRITION OF PR LLC,STATE RD NO. 2 KM 83.0 CARRIZALES WARD,HATILLO,HATILLO,PR,659,18.485142,-66.777319,311119,SELENIUM,7782492,YES,TRI,YES,NO,A,Pounds,0,0,0,0
2016,00701DPNTGHIGHW,1.10008E+11,DUPONT AGRICULTURAL CARIBE INDUSTRIES LTD,"P.R. RD NO. 686, KM. 2.3",MANATI,MANATI,PR,674,18.451004,-66.470899,325320,METHANOL,67561,YES,TRI,NO,NO,R,Pounds,7215,217,0,7432
2016,00617PFZRPHIGHW,1.10008E+11,PFIZER PHARMACEUTICALS LLC,HWY #2 KM 58.2,BARCELONETA,BARCELONETA,PR,617,18.432819,-66.571055,325412,TOLUENE,108883,YES,TRI,NO,NO,R,Pounds,1557.39,7026.81,0,8584.2
2016,00701RTHPHRDNO2,1.10001E+11,JANSSEN ORTHO LLC,STATE RD 2 KM 45.6 CAMPO ALEGRE,MANATI,MANATI,PR,674,18.439408,-66.449943,325412,METHANOL,67561,YES,TRI,NO,NO,R,Pounds,360.52,31.98,0,392.5